treatment,treatment_rep,fish_short,video_num,video,video_rep,coral_species,tile_rep,flurry,bites
anigrofuscus,1,AN,2,GX012344,AN1_GX012344,millepora,1,1,5
anigrofuscus,1,AN,2,GX012344,AN1_GX012344,millepora,2,1,5
anigrofuscus,1,AN,2,GX012344,AN1_GX012344,millepora,3,0,0
anigrofuscus,1,AN,2,GX012344,AN1_GX012344,millepora,4,0,0
anigrofuscus,1,AN,2,GX012344,AN1_GX012344,kenti,1,0,0
anigrofuscus,1,AN,2,GX012344,AN1_GX012344,kenti,2,1,2
anigrofuscus,1,AN,2,GX012344,AN1_GX012344,kenti,2,2,2
anigrofuscus,1,AN,2,GX012344,AN1_GX012344,kenti,2,3,2
anigrofuscus,1,AN,2,GX012344,AN1_GX012344,kenti,3,0,0
anigrofuscus,1,AN,2,GX012344,AN1_GX012344,goniastrea,1,0,0
anigrofuscus,1,AN,2,GX012344,AN1_GX012344,not_tile,0,0,0
anigrofuscus,1,AN,11,GX022346,AN1_GX022346,millepora,1,1,3
anigrofuscus,1,AN,11,GX022346,AN1_GX022346,millepora,1,2,2
anigrofuscus,1,AN,11,GX022346,AN1_GX022346,millepora,1,3,6
anigrofuscus,1,AN,11,GX022346,AN1_GX022346,millepora,1,4,4
anigrofuscus,1,AN,11,GX022346,AN1_GX022346,millepora,1,5,8
anigrofuscus,1,AN,11,GX022346,AN1_GX022346,millepora,2,0,0
anigrofuscus,1,AN,11,GX022346,AN1_GX022346,millepora,3,1,6
anigrofuscus,1,AN,11,GX022346,AN1_GX022346,millepora,4,1,6
anigrofuscus,1,AN,11,GX022346,AN1_GX022346,millepora,4,2,15
anigrofuscus,1,AN,11,GX022346,AN1_GX022346,kenti,1,0,0
anigrofuscus,1,AN,11,GX022346,AN1_GX022346,kenti,2,1,1
anigrofuscus,1,AN,11,GX022346,AN1_GX022346,kenti,2,2,3
anigrofuscus,1,AN,11,GX022346,AN1_GX022346,kenti,2,3,4
anigrofuscus,1,AN,11,GX022346,AN1_GX022346,kenti,2,4,2
anigrofuscus,1,AN,11,GX022346,AN1_GX022346,kenti,2,5,1
anigrofuscus,1,AN,11,GX022346,AN1_GX022346,kenti,3,1,5
anigrofuscus,1,AN,11,GX022346,AN1_GX022346,goniastrea,1,0,0
anigrofuscus,1,AN,11,GX022346,AN1_GX022346,not_tile,0,1,1
anigrofuscus,1,AN,12,GX032341,AN1_GX032341,millepora,1,0,0
anigrofuscus,1,AN,12,GX032341,AN1_GX032341,millepora,2,0,0
anigrofuscus,1,AN,12,GX032341,AN1_GX032341,millepora,3,0,0
anigrofuscus,1,AN,12,GX032341,AN1_GX032341,millepora,4,0,0
anigrofuscus,1,AN,12,GX032341,AN1_GX032341,kenti,1,0,0
anigrofuscus,1,AN,12,GX032341,AN1_GX032341,kenti,2,0,0
anigrofuscus,1,AN,12,GX032341,AN1_GX032341,kenti,3,0,0
anigrofuscus,1,AN,12,GX032341,AN1_GX032341,goniastrea,1,0,0
anigrofuscus,1,AN,12,GX032341,AN1_GX032341,not_tile,0,0,0
anigrofuscus,1,AN,15,GX032345,AN1_GX032345,millepora,1,0,0
anigrofuscus,1,AN,15,GX032345,AN1_GX032345,millepora,2,0,0
anigrofuscus,1,AN,15,GX032345,AN1_GX032345,millepora,3,0,0
anigrofuscus,1,AN,15,GX032345,AN1_GX032345,millepora,4,0,0
anigrofuscus,1,AN,15,GX032345,AN1_GX032345,kenti,1,0,0
anigrofuscus,1,AN,15,GX032345,AN1_GX032345,kenti,2,0,0
anigrofuscus,1,AN,15,GX032345,AN1_GX032345,kenti,3,0,0
anigrofuscus,1,AN,15,GX032345,AN1_GX032345,goniastrea,1,0,0
anigrofuscus,1,AN,15,GX032345,AN1_GX032345,not_tile,0,1,1
anigrofuscus,1,AN,17,GX042344,AN1_GX042344,millepora,1,1,1
anigrofuscus,1,AN,17,GX042344,AN1_GX042344,millepora,2,1,6
anigrofuscus,1,AN,17,GX042344,AN1_GX042344,millepora,2,2,2
anigrofuscus,1,AN,17,GX042344,AN1_GX042344,millepora,2,3,7
anigrofuscus,1,AN,17,GX042344,AN1_GX042344,millepora,2,4,1
anigrofuscus,1,AN,17,GX042344,AN1_GX042344,millepora,3,1,1
anigrofuscus,1,AN,17,GX042344,AN1_GX042344,millepora,4,1,2
anigrofuscus,1,AN,17,GX042344,AN1_GX042344,millepora,4,2,2
anigrofuscus,1,AN,17,GX042344,AN1_GX042344,kenti,1,1,3
anigrofuscus,1,AN,17,GX042344,AN1_GX042344,kenti,2,0,0
anigrofuscus,1,AN,17,GX042344,AN1_GX042344,kenti,3,1,1
anigrofuscus,1,AN,17,GX042344,AN1_GX042344,goniastrea,1,0,0
anigrofuscus,1,AN,17,GX042344,AN1_GX042344,not_tile,0,1,1
anigrofuscus,1,AN,17,GX042344,AN1_GX042344,not_tile,0,2,2
anigrofuscus,1,AN,3,GX012343,AN1_GX012343,millepora,1,0,0
anigrofuscus,1,AN,3,GX012343,AN1_GX012343,millepora,2,0,0
anigrofuscus,1,AN,3,GX012343,AN1_GX012343,millepora,3,0,0
anigrofuscus,1,AN,3,GX012343,AN1_GX012343,millepora,4,0,0
anigrofuscus,1,AN,3,GX012343,AN1_GX012343,kenti,1,0,0
anigrofuscus,1,AN,3,GX012343,AN1_GX012343,kenti,2,1,1
anigrofuscus,1,AN,3,GX012343,AN1_GX012343,kenti,2,2,4
anigrofuscus,1,AN,3,GX012343,AN1_GX012343,kenti,2,3,2
anigrofuscus,1,AN,3,GX012343,AN1_GX012343,kenti,3,0,0
anigrofuscus,1,AN,3,GX012343,AN1_GX012343,goniastrea,1,0,0
anigrofuscus,1,AN,3,GX012343,AN1_GX012343,not_tile,0,0,0
anigrofuscus,2,AN,3,GX019319,AN2_GX019319,millepora,1,0,0
anigrofuscus,2,AN,3,GX019319,AN2_GX019319,millepora,2,0,0
anigrofuscus,2,AN,3,GX019319,AN2_GX019319,millepora,3,0,0
anigrofuscus,2,AN,3,GX019319,AN2_GX019319,millepora,4,0,0
anigrofuscus,2,AN,3,GX019319,AN2_GX019319,kenti,1,0,0
anigrofuscus,2,AN,3,GX019319,AN2_GX019319,kenti,2,0,0
anigrofuscus,2,AN,3,GX019319,AN2_GX019319,kenti,3,0,0
anigrofuscus,2,AN,3,GX019319,AN2_GX019319,goniastrea,1,0,0
anigrofuscus,2,AN,3,GX019319,AN2_GX019319,not_tile,0,1,1
anigrofuscus,2,AN,3,GX019321,AN2_GX019321,millepora,1,1,4
anigrofuscus,2,AN,3,GX019321,AN2_GX019321,millepora,2,0,0
anigrofuscus,2,AN,3,GX019321,AN2_GX019321,millepora,3,1,2
anigrofuscus,2,AN,3,GX019321,AN2_GX019321,millepora,3,2,1
anigrofuscus,2,AN,3,GX019321,AN2_GX019321,millepora,3,3,1
anigrofuscus,2,AN,3,GX019321,AN2_GX019321,millepora,4,1,1
anigrofuscus,2,AN,3,GX019321,AN2_GX019321,kenti,1,0,0
anigrofuscus,2,AN,3,GX019321,AN2_GX019321,kenti,2,1,5
anigrofuscus,2,AN,3,GX019321,AN2_GX019321,kenti,3,1,2
anigrofuscus,2,AN,3,GX019321,AN2_GX019321,goniastrea,1,1,1
anigrofuscus,2,AN,3,GX019321,AN2_GX019321,not_tile,0,0,0
anigrofuscus,2,AN,8,GX029321,AN2_GX029321,millepora,1,0,0
anigrofuscus,2,AN,8,GX029321,AN2_GX029321,millepora,2,0,0
anigrofuscus,2,AN,8,GX029321,AN2_GX029321,millepora,3,0,0
anigrofuscus,2,AN,8,GX029321,AN2_GX029321,millepora,4,0,0
anigrofuscus,2,AN,8,GX029321,AN2_GX029321,kenti,1,0,0
anigrofuscus,2,AN,8,GX029321,AN2_GX029321,kenti,2,0,0
anigrofuscus,2,AN,8,GX029321,AN2_GX029321,kenti,3,0,0
anigrofuscus,2,AN,8,GX029321,AN2_GX029321,goniastrea,1,0,0
anigrofuscus,2,AN,8,GX029321,AN2_GX029321,not_tile,0,0,0
anigrofuscus,2,AN,11,GX039319,AN2_GX039319,millepora,1,0,0
anigrofuscus,2,AN,11,GX039319,AN2_GX039319,millepora,2,0,0
anigrofuscus,2,AN,11,GX039319,AN2_GX039319,millepora,3,0,0
anigrofuscus,2,AN,11,GX039319,AN2_GX039319,millepora,4,0,0
anigrofuscus,2,AN,11,GX039319,AN2_GX039319,kenti,1,0,0
anigrofuscus,2,AN,11,GX039319,AN2_GX039319,kenti,2,0,0
anigrofuscus,2,AN,11,GX039319,AN2_GX039319,kenti,3,0,0
anigrofuscus,2,AN,11,GX039319,AN2_GX039319,goniastrea,1,0,0
anigrofuscus,2,AN,11,GX039319,AN2_GX039319,not_tile,0,0,0
anigrofuscus,2,AN,13,GX039321,AN2_GX039321,millepora,1,0,0
anigrofuscus,2,AN,13,GX039321,AN2_GX039321,millepora,2,0,0
anigrofuscus,2,AN,13,GX039321,AN2_GX039321,millepora,3,0,0
anigrofuscus,2,AN,13,GX039321,AN2_GX039321,millepora,4,0,0
anigrofuscus,2,AN,13,GX039321,AN2_GX039321,kenti,1,0,0
anigrofuscus,2,AN,13,GX039321,AN2_GX039321,kenti,2,0,0
anigrofuscus,2,AN,13,GX039321,AN2_GX039321,kenti,3,0,0
anigrofuscus,2,AN,13,GX039321,AN2_GX039321,goniastrea,1,0,0
anigrofuscus,2,AN,13,GX039321,AN2_GX039321,not_tile,0,0,0
anigrofuscus,2,AN,9,GX029322,AN2_GX029322,millepora,1,1,5
anigrofuscus,2,AN,9,GX029322,AN2_GX029322,millepora,1,2,5
anigrofuscus,2,AN,9,GX029322,AN2_GX029322,millepora,1,3,3
anigrofuscus,2,AN,9,GX029322,AN2_GX029322,millepora,1,4,1
anigrofuscus,2,AN,9,GX029322,AN2_GX029322,millepora,2,1,1
anigrofuscus,2,AN,9,GX029322,AN2_GX029322,millepora,3,0,0
anigrofuscus,2,AN,9,GX029322,AN2_GX029322,millepora,4,0,0
anigrofuscus,2,AN,9,GX029322,AN2_GX029322,kenti,1,1,6
anigrofuscus,2,AN,9,GX029322,AN2_GX029322,kenti,2,1,3
anigrofuscus,2,AN,9,GX029322,AN2_GX029322,kenti,3,1,1
anigrofuscus,2,AN,9,GX029322,AN2_GX029322,goniastrea,1,0,0
anigrofuscus,2,AN,9,GX029322,AN2_GX029322,not_tile,0,1,1
anigrofuscus,3,AN,11,GX013802,AN3_GX013802,millepora,1,0,0
anigrofuscus,3,AN,11,GX013802,AN3_GX013802,millepora,2,0,0
anigrofuscus,3,AN,11,GX013802,AN3_GX013802,millepora,3,0,0
anigrofuscus,3,AN,11,GX013802,AN3_GX013802,millepora,4,0,0
anigrofuscus,3,AN,11,GX013802,AN3_GX013802,kenti,1,0,0
anigrofuscus,3,AN,11,GX013802,AN3_GX013802,kenti,2,0,0
anigrofuscus,3,AN,11,GX013802,AN3_GX013802,kenti,3,0,0
anigrofuscus,3,AN,11,GX013802,AN3_GX013802,goniastrea,1,0,0
anigrofuscus,3,AN,11,GX013802,AN3_GX013802,not_tile,0,0,0
anigrofuscus,3,AN,16,GX023803,AN3_GX023803,millepora,1,1,3
anigrofuscus,3,AN,16,GX023803,AN3_GX023803,millepora,1,2,2
anigrofuscus,3,AN,16,GX023803,AN3_GX023803,millepora,1,3,1
anigrofuscus,3,AN,16,GX023803,AN3_GX023803,millepora,1,4,1
anigrofuscus,3,AN,16,GX023803,AN3_GX023803,millepora,2,1,12
anigrofuscus,3,AN,16,GX023803,AN3_GX023803,millepora,2,2,13
anigrofuscus,3,AN,16,GX023803,AN3_GX023803,millepora,2,3,5
anigrofuscus,3,AN,16,GX023803,AN3_GX023803,millepora,2,4,6
anigrofuscus,3,AN,16,GX023803,AN3_GX023803,millepora,2,5,1
anigrofuscus,3,AN,16,GX023803,AN3_GX023803,millepora,2,6,3
anigrofuscus,3,AN,16,GX023803,AN3_GX023803,millepora,2,7,7
anigrofuscus,3,AN,16,GX023803,AN3_GX023803,millepora,2,8,4
anigrofuscus,3,AN,16,GX023803,AN3_GX023803,millepora,3,1,6
anigrofuscus,3,AN,16,GX023803,AN3_GX023803,millepora,3,2,7
anigrofuscus,3,AN,16,GX023803,AN3_GX023803,millepora,3,3,20
anigrofuscus,3,AN,16,GX023803,AN3_GX023803,millepora,3,4,2
anigrofuscus,3,AN,16,GX023803,AN3_GX023803,millepora,3,5,10
anigrofuscus,3,AN,16,GX023803,AN3_GX023803,millepora,3,6,7
anigrofuscus,3,AN,16,GX023803,AN3_GX023803,millepora,3,7,7
anigrofuscus,3,AN,16,GX023803,AN3_GX023803,millepora,3,8,22
anigrofuscus,3,AN,16,GX023803,AN3_GX023803,millepora,3,9,3
anigrofuscus,3,AN,16,GX023803,AN3_GX023803,millepora,4,1,1
anigrofuscus,3,AN,16,GX023803,AN3_GX023803,millepora,4,2,2
anigrofuscus,3,AN,16,GX023803,AN3_GX023803,kenti,1,1,6
anigrofuscus,3,AN,16,GX023803,AN3_GX023803,kenti,1,2,2
anigrofuscus,3,AN,16,GX023803,AN3_GX023803,kenti,1,3,1
anigrofuscus,3,AN,16,GX023803,AN3_GX023803,kenti,1,4,1
anigrofuscus,3,AN,16,GX023803,AN3_GX023803,kenti,1,5,1
anigrofuscus,3,AN,16,GX023803,AN3_GX023803,kenti,1,6,3
anigrofuscus,3,AN,16,GX023803,AN3_GX023803,kenti,2,0,0
anigrofuscus,3,AN,16,GX023803,AN3_GX023803,kenti,3,1,2
anigrofuscus,3,AN,16,GX023803,AN3_GX023803,kenti,3,2,1
anigrofuscus,3,AN,16,GX023803,AN3_GX023803,kenti,3,3,1
anigrofuscus,3,AN,16,GX023803,AN3_GX023803,goniastrea,1,1,2
anigrofuscus,3,AN,16,GX023803,AN3_GX023803,not_tile,0,0,0
anigrofuscus,3,AN,24,GX063802,AN3_GX063802,millepora,1,0,0
anigrofuscus,3,AN,24,GX063802,AN3_GX063802,millepora,2,0,0
anigrofuscus,3,AN,24,GX063802,AN3_GX063802,millepora,3,0,0
anigrofuscus,3,AN,24,GX063802,AN3_GX063802,millepora,4,0,0
anigrofuscus,3,AN,24,GX063802,AN3_GX063802,kenti,1,0,0
anigrofuscus,3,AN,24,GX063802,AN3_GX063802,kenti,2,0,0
anigrofuscus,3,AN,24,GX063802,AN3_GX063802,kenti,3,0,0
anigrofuscus,3,AN,24,GX063802,AN3_GX063802,goniastrea,1,0,0
anigrofuscus,3,AN,24,GX063802,AN3_GX063802,not_tile,0,0,0
anigrofuscus,3,AN,38,GH070605,AN3_GH070605,millepora,1,0,0
anigrofuscus,3,AN,38,GH070605,AN3_GH070605,millepora,2,0,0
anigrofuscus,3,AN,38,GH070605,AN3_GH070605,millepora,3,0,0
anigrofuscus,3,AN,38,GH070605,AN3_GH070605,millepora,4,0,0
anigrofuscus,3,AN,38,GH070605,AN3_GH070605,kenti,1,0,0
anigrofuscus,3,AN,38,GH070605,AN3_GH070605,kenti,2,0,0
anigrofuscus,3,AN,38,GH070605,AN3_GH070605,kenti,3,0,0
anigrofuscus,3,AN,38,GH070605,AN3_GH070605,goniastrea,1,0,0
anigrofuscus,3,AN,38,GH070605,AN3_GH070605,not_tile,0,0,0
anigrofuscus,3,AN,29,GH020606,AN3_GH020606,millepora,1,0,0
anigrofuscus,3,AN,29,GH020606,AN3_GH020606,millepora,2,1,1
anigrofuscus,3,AN,29,GH020606,AN3_GH020606,millepora,3,1,1
anigrofuscus,3,AN,29,GH020606,AN3_GH020606,millepora,4,0,0
anigrofuscus,3,AN,29,GH020606,AN3_GH020606,kenti,1,0,0
anigrofuscus,3,AN,29,GH020606,AN3_GH020606,kenti,2,0,0
anigrofuscus,3,AN,29,GH020606,AN3_GH020606,kenti,3,0,0
anigrofuscus,3,AN,29,GH020606,AN3_GH020606,goniastrea,1,0,0
anigrofuscus,3,AN,29,GH020606,AN3_GH020606,not_tile,0,1,4
anigrofuscus,3,AN,29,GH020606,AN3_GH020606,not_tile,0,2,1
anigrofuscus,3,AN,29,GH020606,AN3_GH020606,not_tile,0,3,1
anigrofuscus,3,AN,29,GH020606,AN3_GH020606,not_tile,0,4,2
anigrofuscus,3,AN,35,GH050606,AN3_GH050606,millepora,1,0,0
anigrofuscus,3,AN,35,GH050606,AN3_GH050606,millepora,2,1,1
anigrofuscus,3,AN,35,GH050606,AN3_GH050606,millepora,2,2,1
anigrofuscus,3,AN,35,GH050606,AN3_GH050606,millepora,3,1,3
anigrofuscus,3,AN,35,GH050606,AN3_GH050606,millepora,4,0,0
anigrofuscus,3,AN,35,GH050606,AN3_GH050606,kenti,1,0,0
anigrofuscus,3,AN,35,GH050606,AN3_GH050606,kenti,2,0,0
anigrofuscus,3,AN,35,GH050606,AN3_GH050606,kenti,3,0,0
anigrofuscus,3,AN,35,GH050606,AN3_GH050606,goniastrea,1,0,0
anigrofuscus,3,AN,35,GH050606,AN3_GH050606,not_tile,0,1,4
anigrofuscus,3,AN,35,GH050606,AN3_GH050606,not_tile,0,2,1
anigrofuscus,4,AN,3,GX010127,AN4_GX010127,millepora,1,0,0
anigrofuscus,4,AN,3,GX010127,AN4_GX010127,millepora,2,0,0
anigrofuscus,4,AN,3,GX010127,AN4_GX010127,millepora,3,0,0
anigrofuscus,4,AN,3,GX010127,AN4_GX010127,millepora,4,0,0
anigrofuscus,4,AN,3,GX010127,AN4_GX010127,kenti,1,0,0
anigrofuscus,4,AN,3,GX010127,AN4_GX010127,kenti,2,0,0
anigrofuscus,4,AN,3,GX010127,AN4_GX010127,kenti,3,0,0
anigrofuscus,4,AN,3,GX010127,AN4_GX010127,goniastrea,1,0,0
anigrofuscus,4,AN,3,GX010127,AN4_GX010127,not_tile,0,0,0
anigrofuscus,4,AN,6,GX020125,AN4_GX020125,millepora,1,1,9
anigrofuscus,4,AN,6,GX020125,AN4_GX020125,millepora,1,2,5
anigrofuscus,4,AN,6,GX020125,AN4_GX020125,millepora,2,0,0
anigrofuscus,4,AN,6,GX020125,AN4_GX020125,millepora,3,1,6
anigrofuscus,4,AN,6,GX020125,AN4_GX020125,millepora,4,0,0
anigrofuscus,4,AN,6,GX020125,AN4_GX020125,kenti,1,0,0
anigrofuscus,4,AN,6,GX020125,AN4_GX020125,kenti,2,1,3
anigrofuscus,4,AN,6,GX020125,AN4_GX020125,kenti,2,2,4
anigrofuscus,4,AN,6,GX020125,AN4_GX020125,kenti,3,0,0
anigrofuscus,4,AN,6,GX020125,AN4_GX020125,goniastrea,1,0,0
anigrofuscus,4,AN,6,GX020125,AN4_GX020125,not_tile,0,1,5
anigrofuscus,4,AN,7,GX020126,AN4_GX020126,millepora,1,1,3
anigrofuscus,4,AN,7,GX020126,AN4_GX020126,millepora,1,2,2
anigrofuscus,4,AN,7,GX020126,AN4_GX020126,millepora,1,3,2
anigrofuscus,4,AN,7,GX020126,AN4_GX020126,millepora,1,4,1
anigrofuscus,4,AN,7,GX020126,AN4_GX020126,millepora,2,1,5
anigrofuscus,4,AN,7,GX020126,AN4_GX020126,millepora,2,2,4
anigrofuscus,4,AN,7,GX020126,AN4_GX020126,millepora,2,3,7
anigrofuscus,4,AN,7,GX020126,AN4_GX020126,millepora,2,4,13
anigrofuscus,4,AN,7,GX020126,AN4_GX020126,millepora,3,1,11
anigrofuscus,4,AN,7,GX020126,AN4_GX020126,millepora,4,1,3
anigrofuscus,4,AN,7,GX020126,AN4_GX020126,millepora,4,2,11
anigrofuscus,4,AN,7,GX020126,AN4_GX020126,millepora,4,3,6
anigrofuscus,4,AN,7,GX020126,AN4_GX020126,millepora,4,4,3
anigrofuscus,4,AN,7,GX020126,AN4_GX020126,kenti,1,1,5
anigrofuscus,4,AN,7,GX020126,AN4_GX020126,kenti,1,2,2
anigrofuscus,4,AN,7,GX020126,AN4_GX020126,kenti,1,3,3
anigrofuscus,4,AN,7,GX020126,AN4_GX020126,kenti,2,1,11
anigrofuscus,4,AN,7,GX020126,AN4_GX020126,kenti,2,2,2
anigrofuscus,4,AN,7,GX020126,AN4_GX020126,kenti,2,3,4
anigrofuscus,4,AN,7,GX020126,AN4_GX020126,kenti,3,1,6
anigrofuscus,4,AN,7,GX020126,AN4_GX020126,kenti,3,2,2
anigrofuscus,4,AN,7,GX020126,AN4_GX020126,kenti,3,3,7
anigrofuscus,4,AN,7,GX020126,AN4_GX020126,kenti,3,4,5
anigrofuscus,4,AN,7,GX020126,AN4_GX020126,kenti,3,5,6
anigrofuscus,4,AN,7,GX020126,AN4_GX020126,goniastrea,1,1,9
anigrofuscus,4,AN,7,GX020126,AN4_GX020126,goniastrea,1,2,3
anigrofuscus,4,AN,7,GX020126,AN4_GX020126,goniastrea,1,3,6
anigrofuscus,4,AN,7,GX020126,AN4_GX020126,goniastrea,1,4,7
anigrofuscus,4,AN,7,GX020126,AN4_GX020126,goniastrea,1,5,2
anigrofuscus,4,AN,7,GX020126,AN4_GX020126,not_tile,0,1,2
anigrofuscus,4,AN,9,GX020128,AN4_GX020128,millepora,1,1,3
anigrofuscus,4,AN,9,GX020128,AN4_GX020128,millepora,1,2,2
anigrofuscus,4,AN,9,GX020128,AN4_GX020128,millepora,1,3,2
anigrofuscus,4,AN,9,GX020128,AN4_GX020128,millepora,1,4,3
anigrofuscus,4,AN,9,GX020128,AN4_GX020128,millepora,2,1,3
anigrofuscus,4,AN,9,GX020128,AN4_GX020128,millepora,3,0,0
anigrofuscus,4,AN,9,GX020128,AN4_GX020128,millepora,4,0,0
anigrofuscus,4,AN,9,GX020128,AN4_GX020128,kenti,1,1,2
anigrofuscus,4,AN,9,GX020128,AN4_GX020128,kenti,2,0,0
anigrofuscus,4,AN,9,GX020128,AN4_GX020128,kenti,3,1,5
anigrofuscus,4,AN,9,GX020128,AN4_GX020128,goniastrea,1,1,5
anigrofuscus,4,AN,9,GX020128,AN4_GX020128,goniastrea,1,2,4
anigrofuscus,4,AN,9,GX020128,AN4_GX020128,not_tile,0,0,0
anigrofuscus,4,AN,12,GX040125,AN4_GX040125,millepora,1,1,1
anigrofuscus,4,AN,12,GX040125,AN4_GX040125,millepora,1,2,2
anigrofuscus,4,AN,12,GX040125,AN4_GX040125,millepora,1,3,2
anigrofuscus,4,AN,12,GX040125,AN4_GX040125,millepora,1,4,1
anigrofuscus,4,AN,12,GX040125,AN4_GX040125,millepora,1,5,2
anigrofuscus,4,AN,12,GX040125,AN4_GX040125,millepora,1,6,3
anigrofuscus,4,AN,12,GX040125,AN4_GX040125,millepora,2,1,1
anigrofuscus,4,AN,12,GX040125,AN4_GX040125,millepora,2,2,2
anigrofuscus,4,AN,12,GX040125,AN4_GX040125,millepora,3,0,0
anigrofuscus,4,AN,12,GX040125,AN4_GX040125,millepora,4,0,0
anigrofuscus,4,AN,12,GX040125,AN4_GX040125,kenti,1,1,1
anigrofuscus,4,AN,12,GX040125,AN4_GX040125,kenti,2,1,4
anigrofuscus,4,AN,12,GX040125,AN4_GX040125,kenti,3,1,3
anigrofuscus,4,AN,12,GX040125,AN4_GX040125,kenti,3,2,3
anigrofuscus,4,AN,12,GX040125,AN4_GX040125,goniastrea,1,1,5
anigrofuscus,4,AN,12,GX040125,AN4_GX040125,not_tile,0,1,2
anigrofuscus,4,AN,12,GX040125,AN4_GX040125,not_tile,0,2,2
anigrofuscus,4,AN,12,GX040125,AN4_GX040125,not_tile,0,3,2
anigrofuscus,4,AN,12,GX040125,AN4_GX040125,not_tile,0,4,1
anigrofuscus,4,AN,2,GX010126,AN4_GX010126,millepora,1,1,3
anigrofuscus,4,AN,2,GX010126,AN4_GX010126,millepora,1,2,4
anigrofuscus,4,AN,2,GX010126,AN4_GX010126,millepora,2,1,6
anigrofuscus,4,AN,2,GX010126,AN4_GX010126,millepora,2,2,8
anigrofuscus,4,AN,2,GX010126,AN4_GX010126,millepora,2,3,9
anigrofuscus,4,AN,2,GX010126,AN4_GX010126,millepora,2,4,5
anigrofuscus,4,AN,2,GX010126,AN4_GX010126,millepora,3,1,12
anigrofuscus,4,AN,2,GX010126,AN4_GX010126,millepora,4,0,0
anigrofuscus,4,AN,2,GX010126,AN4_GX010126,kenti,1,1,3
anigrofuscus,4,AN,2,GX010126,AN4_GX010126,kenti,1,2,5
anigrofuscus,4,AN,2,GX010126,AN4_GX010126,kenti,2,0,0
anigrofuscus,4,AN,2,GX010126,AN4_GX010126,kenti,3,1,5
anigrofuscus,4,AN,2,GX010126,AN4_GX010126,kenti,3,2,6
anigrofuscus,4,AN,2,GX010126,AN4_GX010126,goniastrea,1,1,7
anigrofuscus,4,AN,2,GX010126,AN4_GX010126,not_tile,0,1,1
anigrofuscus,4,AN,2,GX010126,AN4_GX010126,not_tile,0,2,2
cbinotatus,1,CN,2,GX019506,CN1_GX019506,millepora,1,0,0
cbinotatus,1,CN,2,GX019506,CN1_GX019506,millepora,2,0,0
cbinotatus,1,CN,2,GX019506,CN1_GX019506,millepora,3,0,0
cbinotatus,1,CN,2,GX019506,CN1_GX019506,millepora,4,0,0
cbinotatus,1,CN,2,GX019506,CN1_GX019506,kenti,1,0,0
cbinotatus,1,CN,2,GX019506,CN1_GX019506,kenti,2,0,0
cbinotatus,1,CN,2,GX019506,CN1_GX019506,kenti,3,0,0
cbinotatus,1,CN,2,GX019506,CN1_GX019506,goniastrea,1,0,0
cbinotatus,1,CN,2,GX019506,CN1_GX019506,not_tile,0,1,1
cbinotatus,1,CN,2,GX019506,CN1_GX019506,not_tile,0,2,2
cbinotatus,1,CN,6,GX029505,CN1_GX029505,millepora,1,0,0
cbinotatus,1,CN,6,GX029505,CN1_GX029505,millepora,2,1,3
cbinotatus,1,CN,6,GX029505,CN1_GX029505,millepora,2,2,4
cbinotatus,1,CN,6,GX029505,CN1_GX029505,millepora,2,3,2
cbinotatus,1,CN,6,GX029505,CN1_GX029505,millepora,3,1,1
cbinotatus,1,CN,6,GX029505,CN1_GX029505,millepora,4,1,2
cbinotatus,1,CN,6,GX029505,CN1_GX029505,millepora,4,2,1
cbinotatus,1,CN,6,GX029505,CN1_GX029505,kenti,1,1,5
cbinotatus,1,CN,6,GX029505,CN1_GX029505,kenti,1,2,5
cbinotatus,1,CN,6,GX029505,CN1_GX029505,kenti,1,3,3
cbinotatus,1,CN,6,GX029505,CN1_GX029505,kenti,1,4,3
cbinotatus,1,CN,6,GX029505,CN1_GX029505,kenti,2,1,2
cbinotatus,1,CN,6,GX029505,CN1_GX029505,kenti,3,1,3
cbinotatus,1,CN,6,GX029505,CN1_GX029505,goniastrea,1,1,1
cbinotatus,1,CN,6,GX029505,CN1_GX029505,not_tile,0,1,1
cbinotatus,1,CN,6,GX029505,CN1_GX029505,not_tile,0,2,3
cbinotatus,1,CN,6,GX029505,CN1_GX029505,not_tile,0,3,1
cbinotatus,1,CN,6,GX029505,CN1_GX029505,not_tile,0,4,4
cbinotatus,1,CN,6,GX029505,CN1_GX029505,not_tile,0,5,2
cbinotatus,1,CN,6,GX029505,CN1_GX029505,not_tile,0,6,4
cbinotatus,1,CN,6,GX029505,CN1_GX029505,not_tile,0,7,7
cbinotatus,1,CN,6,GX029505,CN1_GX029505,not_tile,0,8,1
cbinotatus,1,CN,6,GX029505,CN1_GX029505,not_tile,0,9,3
cbinotatus,1,CN,6,GX029505,CN1_GX029505,not_tile,0,10,2
cbinotatus,1,CN,9,GX029508,CN1_GX029508,millepora,1,0,0
cbinotatus,1,CN,9,GX029508,CN1_GX029508,millepora,2,0,0
cbinotatus,1,CN,9,GX029508,CN1_GX029508,millepora,3,1,1
cbinotatus,1,CN,9,GX029508,CN1_GX029508,millepora,4,0,0
cbinotatus,1,CN,9,GX029508,CN1_GX029508,kenti,1,0,0
cbinotatus,1,CN,9,GX029508,CN1_GX029508,kenti,2,0,0
cbinotatus,1,CN,9,GX029508,CN1_GX029508,kenti,3,0,0
cbinotatus,1,CN,9,GX029508,CN1_GX029508,goniastrea,1,0,0
cbinotatus,1,CN,9,GX029508,CN1_GX029508,not_tile,0,1,10
cbinotatus,1,CN,9,GX029508,CN1_GX029508,not_tile,0,2,5
cbinotatus,1,CN,9,GX029508,CN1_GX029508,not_tile,0,3,6
cbinotatus,1,CN,9,GX029508,CN1_GX029508,not_tile,0,4,12
cbinotatus,1,CN,12,GX039506,CN1_GX039506,millepora,1,1,5
cbinotatus,1,CN,12,GX039506,CN1_GX039506,millepora,1,2,2
cbinotatus,1,CN,12,GX039506,CN1_GX039506,millepora,2,1,3
cbinotatus,1,CN,12,GX039506,CN1_GX039506,millepora,3,1,1
cbinotatus,1,CN,12,GX039506,CN1_GX039506,millepora,4,1,1
cbinotatus,1,CN,12,GX039506,CN1_GX039506,kenti,1,0,0
cbinotatus,1,CN,12,GX039506,CN1_GX039506,kenti,2,1,1
cbinotatus,1,CN,12,GX039506,CN1_GX039506,kenti,2,2,6
cbinotatus,1,CN,12,GX039506,CN1_GX039506,kenti,3,0,0
cbinotatus,1,CN,12,GX039506,CN1_GX039506,goniastrea,1,1,1
cbinotatus,1,CN,12,GX039506,CN1_GX039506,not_tile,0,1,1
cbinotatus,1,CN,12,GX039506,CN1_GX039506,not_tile,0,2,5
cbinotatus,1,CN,12,GX039506,CN1_GX039506,not_tile,0,3,3
cbinotatus,1,CN,12,GX039506,CN1_GX039506,not_tile,0,4,1
cbinotatus,1,CN,12,GX039506,CN1_GX039506,not_tile,0,5,4
cbinotatus,1,CN,12,GX039506,CN1_GX039506,not_tile,0,6,11
cbinotatus,1,CN,12,GX039506,CN1_GX039506,not_tile,0,7,2
cbinotatus,1,CN,12,GX039506,CN1_GX039506,not_tile,0,8,4
cbinotatus,1,CN,12,GX039506,CN1_GX039506,not_tile,0,9,7
cbinotatus,1,CN,12,GX039506,CN1_GX039506,not_tile,0,10,2
cbinotatus,1,CN,12,GX039506,CN1_GX039506,not_tile,0,11,3
cbinotatus,1,CN,12,GX039506,CN1_GX039506,not_tile,0,12,3
cbinotatus,1,CN,12,GX039506,CN1_GX039506,not_tile,0,13,2
cbinotatus,1,CN,1,GX019505,CN1_GX019505,millepora,1,1,6
cbinotatus,1,CN,1,GX019505,CN1_GX019505,millepora,1,2,3
cbinotatus,1,CN,1,GX019505,CN1_GX019505,millepora,1,3,4
cbinotatus,1,CN,1,GX019505,CN1_GX019505,millepora,2,0,0
cbinotatus,1,CN,1,GX019505,CN1_GX019505,millepora,3,1,3
cbinotatus,1,CN,1,GX019505,CN1_GX019505,millepora,4,0,0
cbinotatus,1,CN,1,GX019505,CN1_GX019505,kenti,1,1,4
cbinotatus,1,CN,1,GX019505,CN1_GX019505,kenti,1,2,2
cbinotatus,1,CN,1,GX019505,CN1_GX019505,kenti,1,3,1
cbinotatus,1,CN,1,GX019505,CN1_GX019505,kenti,2,1,1
cbinotatus,1,CN,1,GX019505,CN1_GX019505,kenti,2,2,5
cbinotatus,1,CN,1,GX019505,CN1_GX019505,kenti,2,3,1
cbinotatus,1,CN,1,GX019505,CN1_GX019505,kenti,3,0,0
cbinotatus,1,CN,1,GX019505,CN1_GX019505,goniastrea,1,0,0
cbinotatus,1,CN,1,GX019505,CN1_GX019505,not_tile,0,1,5
cbinotatus,1,CN,1,GX019505,CN1_GX019505,not_tile,0,2,1
cbinotatus,1,CN,1,GX019505,CN1_GX019505,not_tile,0,3,6
cbinotatus,1,CN,1,GX019505,CN1_GX019505,not_tile,0,4,2
cbinotatus,1,CN,1,GX019505,CN1_GX019505,not_tile,0,5,1
cbinotatus,1,CN,1,GX019505,CN1_GX019505,not_tile,0,6,2
cbinotatus,1,CN,1,GX019505,CN1_GX019505,not_tile,0,7,2
cbinotatus,1,CN,1,GX019505,CN1_GX019505,not_tile,0,8,1
cbinotatus,1,CN,5,GX019509,CN1_GX019509,millepora,1,0,0
cbinotatus,1,CN,5,GX019509,CN1_GX019509,millepora,2,0,0
cbinotatus,1,CN,5,GX019509,CN1_GX019509,millepora,3,0,0
cbinotatus,1,CN,5,GX019509,CN1_GX019509,millepora,4,0,0
cbinotatus,1,CN,5,GX019509,CN1_GX019509,kenti,1,0,0
cbinotatus,1,CN,5,GX019509,CN1_GX019509,kenti,2,0,0
cbinotatus,1,CN,5,GX019509,CN1_GX019509,kenti,3,0,0
cbinotatus,1,CN,5,GX019509,CN1_GX019509,goniastrea,1,0,0
cbinotatus,1,CN,5,GX019509,CN1_GX019509,not_tile,0,0,0
cbinotatus,2,CN,3,GH013233,CN2_GH013233,millepora,1,1,1
cbinotatus,2,CN,3,GH013233,CN2_GH013233,millepora,2,0,0
cbinotatus,2,CN,3,GH013233,CN2_GH013233,millepora,3,0,0
cbinotatus,2,CN,3,GH013233,CN2_GH013233,millepora,4,1,1
cbinotatus,2,CN,3,GH013233,CN2_GH013233,kenti,1,1,3
cbinotatus,2,CN,3,GH013233,CN2_GH013233,kenti,2,1,5
cbinotatus,2,CN,3,GH013233,CN2_GH013233,kenti,3,0,0
cbinotatus,2,CN,3,GH013233,CN2_GH013233,goniastrea,1,0,0
cbinotatus,2,CN,3,GH013233,CN2_GH013233,not_tile,0,1,1
cbinotatus,2,CN,3,GH013233,CN2_GH013233,not_tile,0,2,4
cbinotatus,2,CN,3,GH013233,CN2_GH013233,not_tile,0,3,1
cbinotatus,2,CN,3,GH013233,CN2_GH013233,not_tile,0,4,1
cbinotatus,2,CN,3,GH013233,CN2_GH013233,not_tile,0,5,2
cbinotatus,2,CN,3,GH013233,CN2_GH013233,not_tile,0,6,3
cbinotatus,2,CN,3,GH013233,CN2_GH013233,not_tile,0,7,15
cbinotatus,2,CN,3,GH013233,CN2_GH013233,not_tile,0,8,3
cbinotatus,2,CN,3,GH013233,CN2_GH013233,not_tile,0,9,8
cbinotatus,2,CN,3,GH013233,CN2_GH013233,not_tile,0,10,4
cbinotatus,2,CN,3,GH013233,CN2_GH013233,not_tile,0,11,7
cbinotatus,2,CN,3,GH013233,CN2_GH013233,not_tile,0,12,1
cbinotatus,2,CN,3,GH013233,CN2_GH013233,not_tile,0,13,2
cbinotatus,2,CN,11,GH033230,CN2_GH033230,millepora,1,1,2
cbinotatus,2,CN,11,GH033230,CN2_GH033230,millepora,1,2,2
cbinotatus,2,CN,11,GH033230,CN2_GH033230,millepora,1,3,1
cbinotatus,2,CN,11,GH033230,CN2_GH033230,millepora,2,1,3
cbinotatus,2,CN,11,GH033230,CN2_GH033230,millepora,2,2,1
cbinotatus,2,CN,11,GH033230,CN2_GH033230,millepora,3,0,0
cbinotatus,2,CN,11,GH033230,CN2_GH033230,millepora,4,0,0
cbinotatus,2,CN,11,GH033230,CN2_GH033230,kenti,1,0,0
cbinotatus,2,CN,11,GH033230,CN2_GH033230,kenti,2,1,1
cbinotatus,2,CN,11,GH033230,CN2_GH033230,kenti,3,0,0
cbinotatus,2,CN,11,GH033230,CN2_GH033230,goniastrea,1,1,1
cbinotatus,2,CN,11,GH033230,CN2_GH033230,not_tile,0,1,3
cbinotatus,2,CN,11,GH033230,CN2_GH033230,not_tile,0,2,3
cbinotatus,2,CN,11,GH033230,CN2_GH033230,not_tile,0,3,5
cbinotatus,2,CN,11,GH033230,CN2_GH033230,not_tile,0,4,2
cbinotatus,2,CN,11,GH033230,CN2_GH033230,not_tile,0,5,2
cbinotatus,2,CN,11,GH033230,CN2_GH033230,not_tile,0,6,6
cbinotatus,2,CN,11,GH033230,CN2_GH033230,not_tile,0,7,1
cbinotatus,2,CN,11,GH033230,CN2_GH033230,not_tile,0,8,5
cbinotatus,2,CN,11,GH033230,CN2_GH033230,not_tile,0,9,1
cbinotatus,2,CN,11,GH033230,CN2_GH033230,not_tile,0,10,4
cbinotatus,2,CN,11,GH033230,CN2_GH033230,not_tile,0,11,3
cbinotatus,2,CN,11,GH033230,CN2_GH033230,not_tile,0,12,6
cbinotatus,2,CN,11,GH033230,CN2_GH033230,not_tile,0,13,5
cbinotatus,2,CN,11,GH033230,CN2_GH033230,not_tile,0,14,3
cbinotatus,2,CN,11,GH033230,CN2_GH033230,not_tile,0,15,4
cbinotatus,2,CN,11,GH033230,CN2_GH033230,not_tile,0,16,2
cbinotatus,2,CN,11,GH033230,CN2_GH033230,not_tile,0,17,5
cbinotatus,2,CN,11,GH033230,CN2_GH033230,not_tile,0,18,3
cbinotatus,2,CN,11,GH033230,CN2_GH033230,not_tile,0,19,4
cbinotatus,2,CN,11,GH033230,CN2_GH033230,not_tile,0,20,5
cbinotatus,2,CN,11,GH033230,CN2_GH033230,not_tile,0,21,6
cbinotatus,2,CN,11,GH033230,CN2_GH033230,not_tile,0,22,1
cbinotatus,2,CN,11,GH033230,CN2_GH033230,not_tile,0,23,3
cbinotatus,2,CN,11,GH033230,CN2_GH033230,not_tile,0,24,1
cbinotatus,2,CN,11,GH033230,CN2_GH033230,not_tile,0,25,2
cbinotatus,2,CN,11,GH033230,CN2_GH033230,not_tile,0,26,1
cbinotatus,2,CN,13,GH033235,CN2_GH033235,millepora,1,0,0
cbinotatus,2,CN,13,GH033235,CN2_GH033235,millepora,2,1,2
cbinotatus,2,CN,13,GH033235,CN2_GH033235,millepora,2,2,2
cbinotatus,2,CN,13,GH033235,CN2_GH033235,millepora,2,3,1
cbinotatus,2,CN,13,GH033235,CN2_GH033235,millepora,3,1,1
cbinotatus,2,CN,13,GH033235,CN2_GH033235,millepora,3,2,6
cbinotatus,2,CN,13,GH033235,CN2_GH033235,millepora,4,,1
cbinotatus,2,CN,13,GH033235,CN2_GH033235,kenti,1,1,5
cbinotatus,2,CN,13,GH033235,CN2_GH033235,kenti,2,1,1
cbinotatus,2,CN,13,GH033235,CN2_GH033235,kenti,2,2,1
cbinotatus,2,CN,13,GH033235,CN2_GH033235,kenti,2,3,2
cbinotatus,2,CN,13,GH033235,CN2_GH033235,kenti,2,4,1
cbinotatus,2,CN,13,GH033235,CN2_GH033235,kenti,3,1,2
cbinotatus,2,CN,13,GH033235,CN2_GH033235,kenti,3,2,2
cbinotatus,2,CN,13,GH033235,CN2_GH033235,kenti,3,3,3
cbinotatus,2,CN,13,GH033235,CN2_GH033235,goniastrea,1,1,3
cbinotatus,2,CN,13,GH033235,CN2_GH033235,not_tile,0,1,2
cbinotatus,2,CN,13,GH033235,CN2_GH033235,not_tile,0,2,1
cbinotatus,2,CN,13,GH033235,CN2_GH033235,not_tile,0,3,3
cbinotatus,2,CN,13,GH033235,CN2_GH033235,not_tile,0,4,1
cbinotatus,2,CN,13,GH033235,CN2_GH033235,not_tile,0,5,5
cbinotatus,2,CN,13,GH033235,CN2_GH033235,not_tile,0,6,6
cbinotatus,2,CN,13,GH033235,CN2_GH033235,not_tile,0,7,5
cbinotatus,2,CN,13,GH033235,CN2_GH033235,not_tile,0,8,2
cbinotatus,2,CN,13,GH033235,CN2_GH033235,not_tile,0,9,1
cbinotatus,2,CN,16,GH043235,CN2_GH043235,millepora,1,1,4
cbinotatus,2,CN,16,GH043235,CN2_GH043235,millepora,2,1,1
cbinotatus,2,CN,16,GH043235,CN2_GH043235,millepora,2,2,2
cbinotatus,2,CN,16,GH043235,CN2_GH043235,millepora,3,1,3
cbinotatus,2,CN,16,GH043235,CN2_GH043235,millepora,3,2,2
cbinotatus,2,CN,16,GH043235,CN2_GH043235,millepora,4,0,0
cbinotatus,2,CN,16,GH043235,CN2_GH043235,kenti,1,1,3
cbinotatus,2,CN,16,GH043235,CN2_GH043235,kenti,2,1,1
cbinotatus,2,CN,16,GH043235,CN2_GH043235,kenti,2,2,3
cbinotatus,2,CN,16,GH043235,CN2_GH043235,kenti,2,3,2
cbinotatus,2,CN,16,GH043235,CN2_GH043235,kenti,3,0,0
cbinotatus,2,CN,16,GH043235,CN2_GH043235,goniastrea,1,1,1
cbinotatus,2,CN,16,GH043235,CN2_GH043235,not_tile,0,1,2
cbinotatus,2,CN,16,GH043235,CN2_GH043235,not_tile,0,2,1
cbinotatus,2,CN,16,GH043235,CN2_GH043235,not_tile,0,3,1
cbinotatus,2,CN,16,GH043235,CN2_GH043235,not_tile,0,4,3
cbinotatus,2,CN,16,GH043235,CN2_GH043235,not_tile,0,5,6
cbinotatus,2,CN,16,GH043235,CN2_GH043235,not_tile,0,6,1
cbinotatus,2,CN,16,GH043235,CN2_GH043235,not_tile,0,7,2
cbinotatus,2,CN,16,GH043235,CN2_GH043235,not_tile,0,8,7
cbinotatus,2,CN,16,GH043235,CN2_GH043235,not_tile,0,9,3
cbinotatus,2,CN,16,GH043235,CN2_GH043235,not_tile,0,10,5
cbinotatus,2,CN,16,GH043235,CN2_GH043235,not_tile,0,11,2
cbinotatus,2,CN,16,GH043235,CN2_GH043235,not_tile,0,12,2
cbinotatus,2,CN,19,GH053235,CN2_GH053235,millepora,1,1,1
cbinotatus,2,CN,19,GH053235,CN2_GH053235,millepora,2,1,2
cbinotatus,2,CN,19,GH053235,CN2_GH053235,millepora,2,2,1
cbinotatus,2,CN,19,GH053235,CN2_GH053235,millepora,2,3,3
cbinotatus,2,CN,19,GH053235,CN2_GH053235,millepora,3,1,2
cbinotatus,2,CN,19,GH053235,CN2_GH053235,millepora,3,2,10
cbinotatus,2,CN,19,GH053235,CN2_GH053235,millepora,3,3,1
cbinotatus,2,CN,19,GH053235,CN2_GH053235,millepora,3,4,5
cbinotatus,2,CN,19,GH053235,CN2_GH053235,millepora,4,1,3
cbinotatus,2,CN,19,GH053235,CN2_GH053235,millepora,4,2,1
cbinotatus,2,CN,19,GH053235,CN2_GH053235,kenti,1,1,2
cbinotatus,2,CN,19,GH053235,CN2_GH053235,kenti,1,2,1
cbinotatus,2,CN,19,GH053235,CN2_GH053235,kenti,2,1,2
cbinotatus,2,CN,19,GH053235,CN2_GH053235,kenti,2,2,1
cbinotatus,2,CN,19,GH053235,CN2_GH053235,kenti,3,1,2
cbinotatus,2,CN,19,GH053235,CN2_GH053235,kenti,3,2,1
cbinotatus,2,CN,19,GH053235,CN2_GH053235,kenti,3,3,2
cbinotatus,2,CN,19,GH053235,CN2_GH053235,goniastrea,1,1,1
cbinotatus,2,CN,19,GH053235,CN2_GH053235,not_tile,0,1,1
cbinotatus,2,CN,19,GH053235,CN2_GH053235,not_tile,0,2,1
cbinotatus,2,CN,19,GH053235,CN2_GH053235,not_tile,0,3,6
cbinotatus,2,CN,19,GH053235,CN2_GH053235,not_tile,0,4,7
cbinotatus,2,CN,19,GH053235,CN2_GH053235,not_tile,0,5,1
cbinotatus,2,CN,19,GH053235,CN2_GH053235,not_tile,0,6,2
cbinotatus,2,CN,19,GH053235,CN2_GH053235,not_tile,0,7,2
cbinotatus,2,CN,19,GH053235,CN2_GH053235,not_tile,0,8,2
cbinotatus,2,CN,19,GH053235,CN2_GH053235,not_tile,0,9,3
cbinotatus,2,CN,19,GH053235,CN2_GH053235,not_tile,0,10,4
cbinotatus,2,CN,19,GH053235,CN2_GH053235,not_tile,0,11,4
cbinotatus,2,CN,19,GH053235,CN2_GH053235,not_tile,0,12,6
cbinotatus,2,CN,19,GH053235,CN2_GH053235,not_tile,0,13,2
cbinotatus,2,CN,19,GH053235,CN2_GH053235,not_tile,0,14,5
cbinotatus,2,CN,19,GH053235,CN2_GH053235,not_tile,0,15,11
cbinotatus,2,CN,21,GH063233,CN2_GH063233,millepora,1,1,1
cbinotatus,2,CN,21,GH063233,CN2_GH063233,millepora,2,0,0
cbinotatus,2,CN,21,GH063233,CN2_GH063233,millepora,3,0,0
cbinotatus,2,CN,21,GH063233,CN2_GH063233,millepora,4,1,4
cbinotatus,2,CN,21,GH063233,CN2_GH063233,kenti,1,0,0
cbinotatus,2,CN,21,GH063233,CN2_GH063233,kenti,2,0,0
cbinotatus,2,CN,21,GH063233,CN2_GH063233,kenti,3,0,0
cbinotatus,2,CN,21,GH063233,CN2_GH063233,goniastrea,1,0,0
cbinotatus,2,CN,21,GH063233,CN2_GH063233,not_tile,0,1,2
cbinotatus,2,CN,21,GH063233,CN2_GH063233,not_tile,0,2,4
cbinotatus,2,CN,21,GH063233,CN2_GH063233,not_tile,0,3,1
cbinotatus,2,CN,21,GH063233,CN2_GH063233,not_tile,0,4,3
cbinotatus,2,CN,21,GH063233,CN2_GH063233,not_tile,0,5,4
cbinotatus,2,CN,21,GH063233,CN2_GH063233,not_tile,0,6,10
cbinotatus,2,CN,21,GH063233,CN2_GH063233,not_tile,0,7,3
cbinotatus,2,CN,21,GH063233,CN2_GH063233,not_tile,0,8,3
cbinotatus,3,CN,4,GH019130,CN3_GH019130,millepora,1,1,5
cbinotatus,3,CN,4,GH019130,CN3_GH019130,millepora,2,1,1
cbinotatus,3,CN,4,GH019130,CN3_GH019130,millepora,3,0,0
cbinotatus,3,CN,4,GH019130,CN3_GH019130,millepora,4,1,19
cbinotatus,3,CN,4,GH019130,CN3_GH019130,millepora,4,2,17
cbinotatus,3,CN,4,GH019130,CN3_GH019130,millepora,4,3,11
cbinotatus,3,CN,4,GH019130,CN3_GH019130,millepora,4,4,10
cbinotatus,3,CN,4,GH019130,CN3_GH019130,millepora,4,5,11
cbinotatus,3,CN,4,GH019130,CN3_GH019130,kenti,1,0,0
cbinotatus,3,CN,4,GH019130,CN3_GH019130,kenti,2,0,0
cbinotatus,3,CN,4,GH019130,CN3_GH019130,kenti,3,0,0
cbinotatus,3,CN,4,GH019130,CN3_GH019130,goniastrea,1,0,0
cbinotatus,3,CN,4,GH019130,CN3_GH019130,not_tile,0,0,0
cbinotatus,3,CN,6,GH028681,CN3_GH028681,millepora,1,0,0
cbinotatus,3,CN,6,GH028681,CN3_GH028681,millepora,2,0,0
cbinotatus,3,CN,6,GH028681,CN3_GH028681,millepora,3,0,0
cbinotatus,3,CN,6,GH028681,CN3_GH028681,millepora,4,0,0
cbinotatus,3,CN,6,GH028681,CN3_GH028681,kenti,1,0,0
cbinotatus,3,CN,6,GH028681,CN3_GH028681,kenti,2,0,0
cbinotatus,3,CN,6,GH028681,CN3_GH028681,kenti,3,0,0
cbinotatus,3,CN,6,GH028681,CN3_GH028681,goniastrea,1,0,0
cbinotatus,3,CN,6,GH028681,CN3_GH028681,not_tile,0,1,1
cbinotatus,3,CN,6,GH028681,CN3_GH028681,not_tile,0,2,3
cbinotatus,3,CN,6,GH028681,CN3_GH028681,not_tile,0,3,2
cbinotatus,3,CN,6,GH028681,CN3_GH028681,not_tile,0,4,2
cbinotatus,3,CN,9,GH038681,CN3_GH038681,millepora,1,0,0
cbinotatus,3,CN,9,GH038681,CN3_GH038681,millepora,2,0,0
cbinotatus,3,CN,9,GH038681,CN3_GH038681,millepora,3,0,0
cbinotatus,3,CN,9,GH038681,CN3_GH038681,millepora,4,0,0
cbinotatus,3,CN,9,GH038681,CN3_GH038681,kenti,1,0,0
cbinotatus,3,CN,9,GH038681,CN3_GH038681,kenti,2,0,0
cbinotatus,3,CN,9,GH038681,CN3_GH038681,kenti,3,0,0
cbinotatus,3,CN,9,GH038681,CN3_GH038681,goniastrea,1,0,0
cbinotatus,3,CN,9,GH038681,CN3_GH038681,not_tile,0,1,1
cbinotatus,3,CN,9,GH038681,CN3_GH038681,not_tile,0,2,1
cbinotatus,3,CN,19,GH069130,CN3_GH069130,millepora,1,1,1
cbinotatus,3,CN,19,GH069130,CN3_GH069130,millepora,2,0,0
cbinotatus,3,CN,19,GH069130,CN3_GH069130,millepora,3,0,0
cbinotatus,3,CN,19,GH069130,CN3_GH069130,millepora,4,0,0
cbinotatus,3,CN,19,GH069130,CN3_GH069130,kenti,1,0,0
cbinotatus,3,CN,19,GH069130,CN3_GH069130,kenti,2,0,0
cbinotatus,3,CN,19,GH069130,CN3_GH069130,kenti,3,0,0
cbinotatus,3,CN,19,GH069130,CN3_GH069130,goniastrea,1,0,0
cbinotatus,3,CN,19,GH069130,CN3_GH069130,not_tile,0,1,1
cbinotatus,3,CN,10,GH039130,CN3_GH039130,millepora,1,1,6
cbinotatus,3,CN,10,GH039130,CN3_GH039130,millepora,1,2,2
cbinotatus,3,CN,10,GH039130,CN3_GH039130,millepora,1,3,2
cbinotatus,3,CN,10,GH039130,CN3_GH039130,millepora,1,4,4
cbinotatus,3,CN,10,GH039130,CN3_GH039130,millepora,2,1,3
cbinotatus,3,CN,10,GH039130,CN3_GH039130,millepora,3,0,0
cbinotatus,3,CN,10,GH039130,CN3_GH039130,millepora,4,1,3
cbinotatus,3,CN,10,GH039130,CN3_GH039130,kenti,1,0,0
cbinotatus,3,CN,10,GH039130,CN3_GH039130,kenti,2,1,1
cbinotatus,3,CN,10,GH039130,CN3_GH039130,kenti,3,1,3
cbinotatus,3,CN,10,GH039130,CN3_GH039130,kenti,3,2,7
cbinotatus,3,CN,10,GH039130,CN3_GH039130,goniastrea,1,1,6
cbinotatus,3,CN,10,GH039130,CN3_GH039130,not_tile,0,1,1
cbinotatus,3,CN,23,GH089130,CN3_GH089130,millepora,1,0,0
cbinotatus,3,CN,23,GH089130,CN3_GH089130,millepora,2,1,3
cbinotatus,3,CN,23,GH089130,CN3_GH089130,millepora,3,0,0
cbinotatus,3,CN,23,GH089130,CN3_GH089130,millepora,4,1,2
cbinotatus,3,CN,23,GH089130,CN3_GH089130,kenti,1,0,0
cbinotatus,3,CN,23,GH089130,CN3_GH089130,kenti,2,0,0
cbinotatus,3,CN,23,GH089130,CN3_GH089130,kenti,3,0,0
cbinotatus,3,CN,23,GH089130,CN3_GH089130,goniastrea,1,0,0
cbinotatus,3,CN,23,GH089130,CN3_GH089130,not_tile,0,1,5
cbinotatus,3,CN,23,GH089130,CN3_GH089130,not_tile,0,2,3
cbinotatus,4,CN,1,GH018777,CN4_GH018777,millepora,1,1,5
cbinotatus,4,CN,1,GH018777,CN4_GH018777,millepora,1,2,6
cbinotatus,4,CN,1,GH018777,CN4_GH018777,millepora,2,0,0
cbinotatus,4,CN,1,GH018777,CN4_GH018777,millepora,3,0,0
cbinotatus,4,CN,1,GH018777,CN4_GH018777,millepora,4,0,0
cbinotatus,4,CN,1,GH018777,CN4_GH018777,kenti,1,0,0
cbinotatus,4,CN,1,GH018777,CN4_GH018777,kenti,2,0,0
cbinotatus,4,CN,1,GH018777,CN4_GH018777,kenti,3,0,0
cbinotatus,4,CN,1,GH018777,CN4_GH018777,goniastrea,1,0,0
cbinotatus,4,CN,1,GH018777,CN4_GH018777,not_tile,0,1,2
cbinotatus,4,CN,2,GH018778,CN4_GH018778,millepora,1,1,7
cbinotatus,4,CN,2,GH018778,CN4_GH018778,millepora,1,2,1
cbinotatus,4,CN,2,GH018778,CN4_GH018778,millepora,1,3,4
cbinotatus,4,CN,2,GH018778,CN4_GH018778,millepora,1,4,5
cbinotatus,4,CN,2,GH018778,CN4_GH018778,millepora,2,1,4
cbinotatus,4,CN,2,GH018778,CN4_GH018778,millepora,3,1,12
cbinotatus,4,CN,2,GH018778,CN4_GH018778,millepora,4,1,7
cbinotatus,4,CN,2,GH018778,CN4_GH018778,millepora,4,2,1
cbinotatus,4,CN,2,GH018778,CN4_GH018778,millepora,4,3,9
cbinotatus,4,CN,2,GH018778,CN4_GH018778,millepora,4,4,2
cbinotatus,4,CN,2,GH018778,CN4_GH018778,kenti,1,1,7
cbinotatus,4,CN,2,GH018778,CN4_GH018778,kenti,1,2,3
cbinotatus,4,CN,2,GH018778,CN4_GH018778,kenti,2,1,2
cbinotatus,4,CN,2,GH018778,CN4_GH018778,kenti,3,1,7
cbinotatus,4,CN,2,GH018778,CN4_GH018778,kenti,3,2,1
cbinotatus,4,CN,2,GH018778,CN4_GH018778,goniastrea,1,1,4
cbinotatus,4,CN,2,GH018778,CN4_GH018778,goniastrea,1,2,4
cbinotatus,4,CN,2,GH018778,CN4_GH018778,not_tile,0,1,1
cbinotatus,4,CN,2,GH018778,CN4_GH018778,not_tile,0,2,1
cbinotatus,4,CN,2,GH018778,CN4_GH018778,not_tile,0,3,1
cbinotatus,4,CN,2,GH018778,CN4_GH018778,not_tile,0,4,2
cbinotatus,4,CN,9,GH038777,CN4_GH038777,millepora,1,1,1
cbinotatus,4,CN,9,GH038777,CN4_GH038777,millepora,2,1,1
cbinotatus,4,CN,9,GH038777,CN4_GH038777,millepora,3,0,0
cbinotatus,4,CN,9,GH038777,CN4_GH038777,millepora,4,1,6
cbinotatus,4,CN,9,GH038777,CN4_GH038777,kenti,1,0,0
cbinotatus,4,CN,9,GH038777,CN4_GH038777,kenti,2,0,0
cbinotatus,4,CN,9,GH038777,CN4_GH038777,kenti,3,0,0
cbinotatus,4,CN,9,GH038777,CN4_GH038777,goniastrea,1,0,0
cbinotatus,4,CN,9,GH038777,CN4_GH038777,not_tile,0,1,3
cbinotatus,4,CN,9,GH038777,CN4_GH038777,not_tile,0,2,4
cbinotatus,4,CN,9,GH038777,CN4_GH038777,not_tile,0,3,3
cbinotatus,4,CN,9,GH038777,CN4_GH038777,not_tile,0,4,1
cbinotatus,4,CN,9,GH038777,CN4_GH038777,not_tile,0,5,5
cbinotatus,4,CN,10,GH038779,CN4_GH038779,millepora,1,1,3
cbinotatus,4,CN,10,GH038779,CN4_GH038779,millepora,1,2,5
cbinotatus,4,CN,10,GH038779,CN4_GH038779,millepora,1,3,2
cbinotatus,4,CN,10,GH038779,CN4_GH038779,millepora,2,0,0
cbinotatus,4,CN,10,GH038779,CN4_GH038779,millepora,3,0,0
cbinotatus,4,CN,10,GH038779,CN4_GH038779,millepora,4,0,0
cbinotatus,4,CN,10,GH038779,CN4_GH038779,kenti,1,0,0
cbinotatus,4,CN,10,GH038779,CN4_GH038779,kenti,2,0,0
cbinotatus,4,CN,10,GH038779,CN4_GH038779,kenti,3,1,2
cbinotatus,4,CN,10,GH038779,CN4_GH038779,goniastrea,1,0,0
cbinotatus,4,CN,10,GH038779,CN4_GH038779,not_tile,0,1,3
cbinotatus,4,CN,10,GH038779,CN4_GH038779,not_tile,0,2,2
cbinotatus,4,CN,10,GH038779,CN4_GH038779,not_tile,0,3,3
cbinotatus,4,CN,10,GH038779,CN4_GH038779,not_tile,0,4,2
cbinotatus,4,CN,10,GH038779,CN4_GH038779,not_tile,0,5,2
cbinotatus,4,CN,10,GH038779,CN4_GH038779,not_tile,0,6,4
cbinotatus,4,CN,10,GH038779,CN4_GH038779,not_tile,0,7,2
cbinotatus,4,CN,16,GH058779,CN4_GH058779,millepora,1,1,2
cbinotatus,4,CN,16,GH058779,CN4_GH058779,millepora,1,2,4
cbinotatus,4,CN,16,GH058779,CN4_GH058779,millepora,1,3,4
cbinotatus,4,CN,16,GH058779,CN4_GH058779,millepora,1,4,18
cbinotatus,4,CN,16,GH058779,CN4_GH058779,millepora,1,5,2
cbinotatus,4,CN,16,GH058779,CN4_GH058779,millepora,1,6,12
cbinotatus,4,CN,16,GH058779,CN4_GH058779,millepora,1,7,3
cbinotatus,4,CN,16,GH058779,CN4_GH058779,millepora,2,1,2
cbinotatus,4,CN,16,GH058779,CN4_GH058779,millepora,2,2,12
cbinotatus,4,CN,16,GH058779,CN4_GH058779,millepora,2,3,5
cbinotatus,4,CN,16,GH058779,CN4_GH058779,millepora,2,4,5
cbinotatus,4,CN,16,GH058779,CN4_GH058779,millepora,2,5,10
cbinotatus,4,CN,16,GH058779,CN4_GH058779,millepora,2,6,5
cbinotatus,4,CN,16,GH058779,CN4_GH058779,millepora,3,1,2
cbinotatus,4,CN,16,GH058779,CN4_GH058779,millepora,4,1,5
cbinotatus,4,CN,16,GH058779,CN4_GH058779,millepora,4,2,15
cbinotatus,4,CN,16,GH058779,CN4_GH058779,millepora,4,3,20
cbinotatus,4,CN,16,GH058779,CN4_GH058779,millepora,4,4,7
cbinotatus,4,CN,16,GH058779,CN4_GH058779,kenti,1,1,13
cbinotatus,4,CN,16,GH058779,CN4_GH058779,kenti,1,2,6
cbinotatus,4,CN,16,GH058779,CN4_GH058779,kenti,1,3,5
cbinotatus,4,CN,16,GH058779,CN4_GH058779,kenti,1,4,1
cbinotatus,4,CN,16,GH058779,CN4_GH058779,kenti,1,5,13
cbinotatus,4,CN,16,GH058779,CN4_GH058779,kenti,1,6,7
cbinotatus,4,CN,16,GH058779,CN4_GH058779,kenti,1,7,2
cbinotatus,4,CN,16,GH058779,CN4_GH058779,kenti,1,8,10
cbinotatus,4,CN,16,GH058779,CN4_GH058779,kenti,1,9,1
cbinotatus,4,CN,16,GH058779,CN4_GH058779,kenti,1,10,1
cbinotatus,4,CN,16,GH058779,CN4_GH058779,kenti,1,11,6
cbinotatus,4,CN,16,GH058779,CN4_GH058779,kenti,1,12,5
cbinotatus,4,CN,16,GH058779,CN4_GH058779,kenti,2,1,5
cbinotatus,4,CN,16,GH058779,CN4_GH058779,kenti,3,1,7
cbinotatus,4,CN,16,GH058779,CN4_GH058779,kenti,3,2,2
cbinotatus,4,CN,16,GH058779,CN4_GH058779,kenti,3,3,3
cbinotatus,4,CN,16,GH058779,CN4_GH058779,kenti,3,4,2
cbinotatus,4,CN,16,GH058779,CN4_GH058779,goniastrea,1,1,9
cbinotatus,4,CN,16,GH058779,CN4_GH058779,goniastrea,1,2,2
cbinotatus,4,CN,16,GH058779,CN4_GH058779,not_tile,0,1,1
cbinotatus,4,CN,16,GH058779,CN4_GH058779,not_tile,0,2,1
cbinotatus,4,CN,16,GH058779,CN4_GH058779,not_tile,0,3,2
cbinotatus,4,CN,17,GH058781,CN4_GH058781,millepora,1,1,5
cbinotatus,4,CN,17,GH058781,CN4_GH058781,millepora,1,2,1
cbinotatus,4,CN,17,GH058781,CN4_GH058781,millepora,2,0,0
cbinotatus,4,CN,17,GH058781,CN4_GH058781,millepora,3,0,0
cbinotatus,4,CN,17,GH058781,CN4_GH058781,millepora,4,0,0
cbinotatus,4,CN,17,GH058781,CN4_GH058781,kenti,1,1,3
cbinotatus,4,CN,17,GH058781,CN4_GH058781,kenti,1,2,1
cbinotatus,4,CN,17,GH058781,CN4_GH058781,kenti,2,1,9
cbinotatus,4,CN,17,GH058781,CN4_GH058781,kenti,3,0,0
cbinotatus,4,CN,17,GH058781,CN4_GH058781,goniastrea,1,0,0
cbinotatus,4,CN,17,GH058781,CN4_GH058781,not_tile,0,1,8
cbinotatus,4,CN,17,GH058781,CN4_GH058781,not_tile,0,2,4
cbinotatus,4,CN,17,GH058781,CN4_GH058781,not_tile,0,3,3
cbinotatus,4,CN,17,GH058781,CN4_GH058781,not_tile,0,4,4
cbinotatus,4,CN,17,GH058781,CN4_GH058781,not_tile,0,5,4
cbinotatus,4,CN,17,GH058781,CN4_GH058781,not_tile,0,6,5
sfasciatus,1,SF,9,GH021933,SF1_GH021933,millepora,1,0,0
sfasciatus,1,SF,9,GH021933,SF1_GH021933,millepora,2,0,0
sfasciatus,1,SF,9,GH021933,SF1_GH021933,millepora,3,0,0
sfasciatus,1,SF,9,GH021933,SF1_GH021933,millepora,4,0,0
sfasciatus,1,SF,9,GH021933,SF1_GH021933,kenti,1,0,0
sfasciatus,1,SF,9,GH021933,SF1_GH021933,kenti,2,0,0
sfasciatus,1,SF,9,GH021933,SF1_GH021933,kenti,3,0,0
sfasciatus,1,SF,9,GH021933,SF1_GH021933,goniastrea,1,0,0
sfasciatus,1,SF,9,GH021933,SF1_GH021933,not_tile,0,1,5
sfasciatus,1,SF,9,GH021933,SF1_GH021933,not_tile,0,2,7
sfasciatus,1,SF,9,GH021933,SF1_GH021933,not_tile,0,3,2
sfasciatus,1,SF,10,GH021934,SF1_GH021934,millepora,1,0,0
sfasciatus,1,SF,10,GH021934,SF1_GH021934,millepora,2,0,0
sfasciatus,1,SF,10,GH021934,SF1_GH021934,millepora,3,0,0
sfasciatus,1,SF,10,GH021934,SF1_GH021934,millepora,4,0,0
sfasciatus,1,SF,10,GH021934,SF1_GH021934,kenti,1,0,0
sfasciatus,1,SF,10,GH021934,SF1_GH021934,kenti,2,0,0
sfasciatus,1,SF,10,GH021934,SF1_GH021934,kenti,3,0,0
sfasciatus,1,SF,10,GH021934,SF1_GH021934,goniastrea,1,0,0
sfasciatus,1,SF,10,GH021934,SF1_GH021934,not_tile,0,0,0
sfasciatus,1,SF,17,GH041933,SF1_GH041933,millepora,1,0,0
sfasciatus,1,SF,17,GH041933,SF1_GH041933,millepora,2,0,0
sfasciatus,1,SF,17,GH041933,SF1_GH041933,millepora,3,0,0
sfasciatus,1,SF,17,GH041933,SF1_GH041933,millepora,4,0,0
sfasciatus,1,SF,17,GH041933,SF1_GH041933,kenti,1,0,0
sfasciatus,1,SF,17,GH041933,SF1_GH041933,kenti,2,0,0
sfasciatus,1,SF,17,GH041933,SF1_GH041933,kenti,3,0,0
sfasciatus,1,SF,17,GH041933,SF1_GH041933,goniastrea,1,0,0
sfasciatus,1,SF,17,GH041933,SF1_GH041933,not_tile,0,1,3
sfasciatus,1,SF,17,GH041933,SF1_GH041933,not_tile,0,2,2
sfasciatus,1,SF,21,GH051933,SF1_GH051933,millepora,1,0,0
sfasciatus,1,SF,21,GH051933,SF1_GH051933,millepora,2,0,0
sfasciatus,1,SF,21,GH051933,SF1_GH051933,millepora,3,0,0
sfasciatus,1,SF,21,GH051933,SF1_GH051933,millepora,4,0,0
sfasciatus,1,SF,21,GH051933,SF1_GH051933,kenti,1,0,0
sfasciatus,1,SF,21,GH051933,SF1_GH051933,kenti,2,0,0
sfasciatus,1,SF,21,GH051933,SF1_GH051933,kenti,3,0,0
sfasciatus,1,SF,21,GH051933,SF1_GH051933,goniastrea,1,0,0
sfasciatus,1,SF,21,GH051933,SF1_GH051933,not_tile,0,1,4
sfasciatus,1,SF,19,GH041935,SF1_GH041935,millepora,1,0,0
sfasciatus,1,SF,19,GH041935,SF1_GH041935,millepora,2,0,0
sfasciatus,1,SF,19,GH041935,SF1_GH041935,millepora,3,0,0
sfasciatus,1,SF,19,GH041935,SF1_GH041935,millepora,4,0,0
sfasciatus,1,SF,19,GH041935,SF1_GH041935,kenti,1,0,0
sfasciatus,1,SF,19,GH041935,SF1_GH041935,kenti,2,0,0
sfasciatus,1,SF,19,GH041935,SF1_GH041935,kenti,3,0,0
sfasciatus,1,SF,19,GH041935,SF1_GH041935,goniastrea,1,0,0
sfasciatus,1,SF,19,GH041935,SF1_GH041935,not_tile,0,0,0
sfasciatus,1,SF,30,GH071934,SF1_GH071934,millepora,1,0,0
sfasciatus,1,SF,30,GH071934,SF1_GH071934,millepora,2,0,0
sfasciatus,1,SF,30,GH071934,SF1_GH071934,millepora,3,0,0
sfasciatus,1,SF,30,GH071934,SF1_GH071934,millepora,4,0,0
sfasciatus,1,SF,30,GH071934,SF1_GH071934,kenti,1,0,0
sfasciatus,1,SF,30,GH071934,SF1_GH071934,kenti,2,0,0
sfasciatus,1,SF,30,GH071934,SF1_GH071934,kenti,3,0,0
sfasciatus,1,SF,30,GH071934,SF1_GH071934,goniastrea,1,0,0
sfasciatus,1,SF,30,GH071934,SF1_GH071934,not_tile,0,0,0
sfasciatus,2,SF,8,GH029134,SF2_GH029134,millepora,1,0,0
sfasciatus,2,SF,8,GH029134,SF2_GH029134,millepora,2,0,0
sfasciatus,2,SF,8,GH029134,SF2_GH029134,millepora,3,0,0
sfasciatus,2,SF,8,GH029134,SF2_GH029134,millepora,4,0,0
sfasciatus,2,SF,8,GH029134,SF2_GH029134,kenti,1,0,0
sfasciatus,2,SF,8,GH029134,SF2_GH029134,kenti,2,0,0
sfasciatus,2,SF,8,GH029134,SF2_GH029134,kenti,3,0,0
sfasciatus,2,SF,8,GH029134,SF2_GH029134,goniastrea,1,0,0
sfasciatus,2,SF,8,GH029134,SF2_GH029134,not_tile,0,0,0
sfasciatus,2,SF,13,GH048675,SF2_GH048675,millepora,1,0,0
sfasciatus,2,SF,13,GH048675,SF2_GH048675,millepora,2,0,0
sfasciatus,2,SF,13,GH048675,SF2_GH048675,millepora,3,0,0
sfasciatus,2,SF,13,GH048675,SF2_GH048675,millepora,4,0,0
sfasciatus,2,SF,13,GH048675,SF2_GH048675,kenti,1,0,0
sfasciatus,2,SF,13,GH048675,SF2_GH048675,kenti,2,0,0
sfasciatus,2,SF,13,GH048675,SF2_GH048675,kenti,3,0,0
sfasciatus,2,SF,13,GH048675,SF2_GH048675,goniastrea,1,0,0
sfasciatus,2,SF,13,GH048675,SF2_GH048675,not_tile,0,0,0
sfasciatus,2,SF,20,GH068679,SF2_GH068679,millepora,1,1,5
sfasciatus,2,SF,20,GH068679,SF2_GH068679,millepora,1,2,2
sfasciatus,2,SF,20,GH068679,SF2_GH068679,millepora,2,0,0
sfasciatus,2,SF,20,GH068679,SF2_GH068679,millepora,3,0,0
sfasciatus,2,SF,20,GH068679,SF2_GH068679,millepora,4,0,0
sfasciatus,2,SF,20,GH068679,SF2_GH068679,kenti,1,0,0
sfasciatus,2,SF,20,GH068679,SF2_GH068679,kenti,2,0,0
sfasciatus,2,SF,20,GH068679,SF2_GH068679,kenti,3,0,0
sfasciatus,2,SF,20,GH068679,SF2_GH068679,goniastrea,1,0,0
sfasciatus,2,SF,20,GH068679,SF2_GH068679,not_tile,0,1,3
sfasciatus,2,SF,25,GH088675,SF2_GH088675,millepora,1,1,5
sfasciatus,2,SF,25,GH088675,SF2_GH088675,millepora,1,2,2
sfasciatus,2,SF,25,GH088675,SF2_GH088675,millepora,2,0,0
sfasciatus,2,SF,25,GH088675,SF2_GH088675,millepora,3,1,1
sfasciatus,2,SF,25,GH088675,SF2_GH088675,millepora,3,2,1
sfasciatus,2,SF,25,GH088675,SF2_GH088675,millepora,3,3,1
sfasciatus,2,SF,25,GH088675,SF2_GH088675,millepora,3,4,2
sfasciatus,2,SF,25,GH088675,SF2_GH088675,millepora,4,1,7
sfasciatus,2,SF,25,GH088675,SF2_GH088675,kenti,1,0,0
sfasciatus,2,SF,25,GH088675,SF2_GH088675,kenti,2,0,0
sfasciatus,2,SF,25,GH088675,SF2_GH088675,kenti,3,0,0
sfasciatus,2,SF,25,GH088675,SF2_GH088675,goniastrea,1,0,0
sfasciatus,2,SF,25,GH088675,SF2_GH088675,not_tile,0,0,0
sfasciatus,2,SF,16,GH058675,SF2_GH058675,millepora,1,0,0
sfasciatus,2,SF,16,GH058675,SF2_GH058675,millepora,2,0,0
sfasciatus,2,SF,16,GH058675,SF2_GH058675,millepora,3,0,0
sfasciatus,2,SF,16,GH058675,SF2_GH058675,millepora,4,0,0
sfasciatus,2,SF,16,GH058675,SF2_GH058675,kenti,1,0,0
sfasciatus,2,SF,16,GH058675,SF2_GH058675,kenti,2,0,0
sfasciatus,2,SF,16,GH058675,SF2_GH058675,kenti,3,0,0
sfasciatus,2,SF,16,GH058675,SF2_GH058675,goniastrea,1,0,0
sfasciatus,2,SF,16,GH058675,SF2_GH058675,not_tile,0,0,0
sfasciatus,2,SF,17,GH058679,SF2_GH058679,millepora,1,0,0
sfasciatus,2,SF,17,GH058679,SF2_GH058679,millepora,2,0,0
sfasciatus,2,SF,17,GH058679,SF2_GH058679,millepora,3,0,0
sfasciatus,2,SF,17,GH058679,SF2_GH058679,millepora,4,0,0
sfasciatus,2,SF,17,GH058679,SF2_GH058679,kenti,1,0,0
sfasciatus,2,SF,17,GH058679,SF2_GH058679,kenti,2,0,0
sfasciatus,2,SF,17,GH058679,SF2_GH058679,kenti,3,0,0
sfasciatus,2,SF,17,GH058679,SF2_GH058679,goniastrea,1,0,0
sfasciatus,2,SF,17,GH058679,SF2_GH058679,not_tile,0,1,9
sfasciatus,2,SF,17,GH058679,SF2_GH058679,not_tile,0,2,3
sfasciatus,2,SF,17,GH058679,SF2_GH058679,not_tile,0,3,6
sfasciatus,2,SF,17,GH058679,SF2_GH058679,not_tile,0,4,1
sfasciatus,3,SF,7,GH028668,SF3_GH028668,millepora,1,0,0
sfasciatus,3,SF,7,GH028668,SF3_GH028668,millepora,2,0,0
sfasciatus,3,SF,7,GH028668,SF3_GH028668,millepora,3,0,0
sfasciatus,3,SF,7,GH028668,SF3_GH028668,millepora,4,0,0
sfasciatus,3,SF,7,GH028668,SF3_GH028668,kenti,1,0,0
sfasciatus,3,SF,7,GH028668,SF3_GH028668,kenti,2,0,0
sfasciatus,3,SF,7,GH028668,SF3_GH028668,kenti,3,0,0
sfasciatus,3,SF,7,GH028668,SF3_GH028668,goniastrea,1,0,0
sfasciatus,3,SF,7,GH028668,SF3_GH028668,not_tile,0,1,7
sfasciatus,3,SF,7,GH028668,SF3_GH028668,not_tile,0,2,4
sfasciatus,3,SF,7,GH028668,SF3_GH028668,not_tile,0,3,7
sfasciatus,3,SF,27,GH068668,SF3_GH068668,millepora,1,0,0
sfasciatus,3,SF,27,GH068668,SF3_GH068668,millepora,2,0,0
sfasciatus,3,SF,27,GH068668,SF3_GH068668,millepora,3,0,0
sfasciatus,3,SF,27,GH068668,SF3_GH068668,millepora,4,0,0
sfasciatus,3,SF,27,GH068668,SF3_GH068668,kenti,1,0,0
sfasciatus,3,SF,27,GH068668,SF3_GH068668,kenti,2,0,0
sfasciatus,3,SF,27,GH068668,SF3_GH068668,kenti,3,0,0
sfasciatus,3,SF,27,GH068668,SF3_GH068668,goniastrea,1,0,0
sfasciatus,3,SF,27,GH068668,SF3_GH068668,not_tile,0,1,1
sfasciatus,3,SF,33,GH078669,SF3_GH078669,millepora,1,0,0
sfasciatus,3,SF,33,GH078669,SF3_GH078669,millepora,2,0,0
sfasciatus,3,SF,33,GH078669,SF3_GH078669,millepora,3,0,0
sfasciatus,3,SF,33,GH078669,SF3_GH078669,millepora,4,0,0
sfasciatus,3,SF,33,GH078669,SF3_GH078669,kenti,1,0,0
sfasciatus,3,SF,33,GH078669,SF3_GH078669,kenti,2,0,0
sfasciatus,3,SF,33,GH078669,SF3_GH078669,kenti,3,0,0
sfasciatus,3,SF,33,GH078669,SF3_GH078669,goniastrea,1,0,0
sfasciatus,3,SF,33,GH078669,SF3_GH078669,not_tile,0,0,0
sfasciatus,3,SF,39,GH088669,SF3_GH088669,millepora,1,0,0
sfasciatus,3,SF,39,GH088669,SF3_GH088669,millepora,2,0,0
sfasciatus,3,SF,39,GH088669,SF3_GH088669,millepora,3,0,0
sfasciatus,3,SF,39,GH088669,SF3_GH088669,millepora,4,0,0
sfasciatus,3,SF,39,GH088669,SF3_GH088669,kenti,1,0,0
sfasciatus,3,SF,39,GH088669,SF3_GH088669,kenti,2,0,0
sfasciatus,3,SF,39,GH088669,SF3_GH088669,kenti,3,0,0
sfasciatus,3,SF,39,GH088669,SF3_GH088669,goniastrea,1,0,0
sfasciatus,3,SF,39,GH088669,SF3_GH088669,not_tile,0,1,3
sfasciatus,3,SF,39,GH088669,SF3_GH088669,not_tile,0,2,1
sfasciatus,3,SF,29,GH068670,SF3_GH068670,millepora,1,0,0
sfasciatus,3,SF,29,GH068670,SF3_GH068670,millepora,2,0,0
sfasciatus,3,SF,29,GH068670,SF3_GH068670,millepora,3,0,0
sfasciatus,3,SF,29,GH068670,SF3_GH068670,millepora,4,0,0
sfasciatus,3,SF,29,GH068670,SF3_GH068670,kenti,1,0,0
sfasciatus,3,SF,29,GH068670,SF3_GH068670,kenti,2,0,0
sfasciatus,3,SF,29,GH068670,SF3_GH068670,kenti,3,0,0
sfasciatus,3,SF,29,GH068670,SF3_GH068670,goniastrea,1,0,0
sfasciatus,3,SF,29,GH068670,SF3_GH068670,not_tile,0,1,2
sfasciatus,3,SF,29,GH068670,SF3_GH068670,not_tile,0,2,1
sfasciatus,3,SF,16,GH048667,SF3_GH048667,millepora,1,0,0
sfasciatus,3,SF,16,GH048667,SF3_GH048667,millepora,2,0,0
sfasciatus,3,SF,16,GH048667,SF3_GH048667,millepora,3,0,0
sfasciatus,3,SF,16,GH048667,SF3_GH048667,millepora,4,0,0
sfasciatus,3,SF,16,GH048667,SF3_GH048667,kenti,1,0,0
sfasciatus,3,SF,16,GH048667,SF3_GH048667,kenti,2,0,0
sfasciatus,3,SF,16,GH048667,SF3_GH048667,kenti,3,0,0
sfasciatus,3,SF,16,GH048667,SF3_GH048667,goniastrea,1,0,0
sfasciatus,3,SF,16,GH048667,SF3_GH048667,not_tile,0,0,0
sfasciatus,4,SF,11,GX020042,SF4_GX020042,millepora,1,0,0
sfasciatus,4,SF,11,GX020042,SF4_GX020042,millepora,2,0,0
sfasciatus,4,SF,11,GX020042,SF4_GX020042,millepora,3,0,0
sfasciatus,4,SF,11,GX020042,SF4_GX020042,millepora,4,0,0
sfasciatus,4,SF,11,GX020042,SF4_GX020042,kenti,1,0,0
sfasciatus,4,SF,11,GX020042,SF4_GX020042,kenti,2,0,0
sfasciatus,4,SF,11,GX020042,SF4_GX020042,kenti,3,0,0
sfasciatus,4,SF,11,GX020042,SF4_GX020042,goniastrea,1,0,0
sfasciatus,4,SF,11,GX020042,SF4_GX020042,not_tile,0,1,2
sfasciatus,4,SF,12,GX020043,SF4_GX020043,millepora,1,0,0
sfasciatus,4,SF,12,GX020043,SF4_GX020043,millepora,2,1,4
sfasciatus,4,SF,12,GX020043,SF4_GX020043,millepora,2,2,4
sfasciatus,4,SF,12,GX020043,SF4_GX020043,millepora,3,0,0
sfasciatus,4,SF,12,GX020043,SF4_GX020043,millepora,4,0,0
sfasciatus,4,SF,12,GX020043,SF4_GX020043,kenti,1,1,6
sfasciatus,4,SF,12,GX020043,SF4_GX020043,kenti,2,0,0
sfasciatus,4,SF,12,GX020043,SF4_GX020043,kenti,3,1,1
sfasciatus,4,SF,12,GX020043,SF4_GX020043,kenti,3,2,3
sfasciatus,4,SF,12,GX020043,SF4_GX020043,goniastrea,1,1,6
sfasciatus,4,SF,12,GX020043,SF4_GX020043,not_tile,0,1,1
sfasciatus,4,SF,23,GH030610,SF4_GH030610,millepora,1,0,0
sfasciatus,4,SF,23,GH030610,SF4_GH030610,millepora,2,0,0
sfasciatus,4,SF,23,GH030610,SF4_GH030610,millepora,3,0,0
sfasciatus,4,SF,23,GH030610,SF4_GH030610,millepora,4,0,0
sfasciatus,4,SF,23,GH030610,SF4_GH030610,kenti,1,0,0
sfasciatus,4,SF,23,GH030610,SF4_GH030610,kenti,2,0,0
sfasciatus,4,SF,23,GH030610,SF4_GH030610,kenti,3,0,0
sfasciatus,4,SF,23,GH030610,SF4_GH030610,goniastrea,1,0,0
sfasciatus,4,SF,23,GH030610,SF4_GH030610,not_tile,0,0,0
sfasciatus,4,SF,26,GH050607,SF4_GH050607,millepora,1,0,0
sfasciatus,4,SF,26,GH050607,SF4_GH050607,millepora,2,1,13
sfasciatus,4,SF,26,GH050607,SF4_GH050607,millepora,2,2,1
sfasciatus,4,SF,26,GH050607,SF4_GH050607,millepora,3,1,16
sfasciatus,4,SF,26,GH050607,SF4_GH050607,millepora,4,0,0
sfasciatus,4,SF,26,GH050607,SF4_GH050607,kenti,1,1,4
sfasciatus,4,SF,26,GH050607,SF4_GH050607,kenti,2,0,0
sfasciatus,4,SF,26,GH050607,SF4_GH050607,kenti,3,0,0
sfasciatus,4,SF,26,GH050607,SF4_GH050607,goniastrea,1,0,0
sfasciatus,4,SF,26,GH050607,SF4_GH050607,not_tile,0,0,0
sfasciatus,4,SF,31,GH070610,SF4_GH070610,millepora,1,0,0
sfasciatus,4,SF,31,GH070610,SF4_GH070610,millepora,2,0,0
sfasciatus,4,SF,31,GH070610,SF4_GH070610,millepora,3,0,0
sfasciatus,4,SF,31,GH070610,SF4_GH070610,millepora,4,0,0
sfasciatus,4,SF,31,GH070610,SF4_GH070610,kenti,1,0,0
sfasciatus,4,SF,31,GH070610,SF4_GH070610,kenti,2,0,0
sfasciatus,4,SF,31,GH070610,SF4_GH070610,kenti,3,0,0
sfasciatus,4,SF,31,GH070610,SF4_GH070610,goniastrea,1,0,0
sfasciatus,4,SF,31,GH070610,SF4_GH070610,not_tile,0,0,0
sfasciatus,4,SF,13,GX030042,SF4_GX030042,millepora,1,0,0
sfasciatus,4,SF,13,GX030042,SF4_GX030042,millepora,2,0,0
sfasciatus,4,SF,13,GX030042,SF4_GX030042,millepora,3,0,0
sfasciatus,4,SF,13,GX030042,SF4_GX030042,millepora,4,0,0
sfasciatus,4,SF,13,GX030042,SF4_GX030042,kenti,1,0,0
sfasciatus,4,SF,13,GX030042,SF4_GX030042,kenti,2,0,0
sfasciatus,4,SF,13,GX030042,SF4_GX030042,kenti,3,0,0
sfasciatus,4,SF,13,GX030042,SF4_GX030042,goniastrea,1,0,0
sfasciatus,4,SF,13,GX030042,SF4_GX030042,not_tile,0,0,0
zscopas,1,ZS,5,GX013984,ZS1_GX013984,millepora,1,0,0
zscopas,1,ZS,5,GX013984,ZS1_GX013984,millepora,2,0,0
zscopas,1,ZS,5,GX013984,ZS1_GX013984,millepora,3,0,0
zscopas,1,ZS,5,GX013984,ZS1_GX013984,millepora,4,0,0
zscopas,1,ZS,5,GX013984,ZS1_GX013984,kenti,1,0,0
zscopas,1,ZS,5,GX013984,ZS1_GX013984,kenti,2,0,0
zscopas,1,ZS,5,GX013984,ZS1_GX013984,kenti,3,0,0
zscopas,1,ZS,5,GX013984,ZS1_GX013984,goniastrea,1,0,0
zscopas,1,ZS,5,GX013984,ZS1_GX013984,not_tile,0,0,0
zscopas,1,ZS,6,GX013985,ZS1_GX013985,millepora,1,0,0
zscopas,1,ZS,6,GX013985,ZS1_GX013985,millepora,2,0,0
zscopas,1,ZS,6,GX013985,ZS1_GX013985,millepora,3,0,0
zscopas,1,ZS,6,GX013985,ZS1_GX013985,millepora,4,0,0
zscopas,1,ZS,6,GX013985,ZS1_GX013985,kenti,1,0,0
zscopas,1,ZS,6,GX013985,ZS1_GX013985,kenti,2,0,0
zscopas,1,ZS,6,GX013985,ZS1_GX013985,kenti,3,0,0
zscopas,1,ZS,6,GX013985,ZS1_GX013985,goniastrea,1,0,0
zscopas,1,ZS,6,GX013985,ZS1_GX013985,not_tile,0,0,0
zscopas,1,ZS,8,GX023982,ZS1_GX023982,millepora,1,0,0
zscopas,1,ZS,8,GX023982,ZS1_GX023982,millepora,2,0,0
zscopas,1,ZS,8,GX023982,ZS1_GX023982,millepora,3,0,0
zscopas,1,ZS,8,GX023982,ZS1_GX023982,millepora,4,0,0
zscopas,1,ZS,8,GX023982,ZS1_GX023982,kenti,1,0,0
zscopas,1,ZS,8,GX023982,ZS1_GX023982,kenti,2,0,0
zscopas,1,ZS,8,GX023982,ZS1_GX023982,kenti,3,0,0
zscopas,1,ZS,8,GX023982,ZS1_GX023982,goniastrea,1,0,0
zscopas,1,ZS,8,GX023982,ZS1_GX023982,not_tile,0,0,0
zscopas,1,ZS,13,GX033982,ZS1_GX033982,millepora,1,0,0
zscopas,1,ZS,13,GX033982,ZS1_GX033982,millepora,2,0,0
zscopas,1,ZS,13,GX033982,ZS1_GX033982,millepora,3,0,0
zscopas,1,ZS,13,GX033982,ZS1_GX033982,millepora,4,0,0
zscopas,1,ZS,13,GX033982,ZS1_GX033982,kenti,1,0,0
zscopas,1,ZS,13,GX033982,ZS1_GX033982,kenti,2,0,0
zscopas,1,ZS,13,GX033982,ZS1_GX033982,kenti,3,0,0
zscopas,1,ZS,13,GX033982,ZS1_GX033982,goniastrea,1,0,0
zscopas,1,ZS,13,GX033982,ZS1_GX033982,not_tile,0,1,4
zscopas,1,ZS,18,GX043982,ZS1_GX043982,millepora,1,0,0
zscopas,1,ZS,18,GX043982,ZS1_GX043982,millepora,2,0,0
zscopas,1,ZS,18,GX043982,ZS1_GX043982,millepora,3,0,0
zscopas,1,ZS,18,GX043982,ZS1_GX043982,millepora,4,0,0
zscopas,1,ZS,18,GX043982,ZS1_GX043982,kenti,1,0,0
zscopas,1,ZS,18,GX043982,ZS1_GX043982,kenti,2,0,0
zscopas,1,ZS,18,GX043982,ZS1_GX043982,kenti,3,0,0
zscopas,1,ZS,18,GX043982,ZS1_GX043982,goniastrea,1,0,0
zscopas,1,ZS,18,GX043982,ZS1_GX043982,not_tile,0,1,1
zscopas,1,ZS,18,GX043982,ZS1_GX043982,not_tile,0,2,4
zscopas,1,ZS,18,GX043982,ZS1_GX043982,not_tile,0,3,8
zscopas,1,ZS,18,GX043982,ZS1_GX043982,not_tile,0,4,7
zscopas,1,ZS,18,GX043982,ZS1_GX043982,not_tile,0,5,2
zscopas,1,ZS,29,GX073984,ZS1_GX073984,millepora,1,0,0
zscopas,1,ZS,29,GX073984,ZS1_GX073984,millepora,2,0,0
zscopas,1,ZS,29,GX073984,ZS1_GX073984,millepora,3,0,0
zscopas,1,ZS,29,GX073984,ZS1_GX073984,millepora,4,0,0
zscopas,1,ZS,29,GX073984,ZS1_GX073984,kenti,1,0,0
zscopas,1,ZS,29,GX073984,ZS1_GX073984,kenti,2,0,0
zscopas,1,ZS,29,GX073984,ZS1_GX073984,kenti,3,0,0
zscopas,1,ZS,29,GX073984,ZS1_GX073984,goniastrea,1,0,0
zscopas,1,ZS,29,GX073984,ZS1_GX073984,not_tile,0,0,0
zscopas,2,ZS,15,GX045391,ZS2_GX045391,millepora,1,0,0
zscopas,2,ZS,15,GX045391,ZS2_GX045391,millepora,2,0,0
zscopas,2,ZS,15,GX045391,ZS2_GX045391,millepora,3,0,0
zscopas,2,ZS,15,GX045391,ZS2_GX045391,millepora,4,0,0
zscopas,2,ZS,15,GX045391,ZS2_GX045391,kenti,1,0,0
zscopas,2,ZS,15,GX045391,ZS2_GX045391,kenti,2,0,0
zscopas,2,ZS,15,GX045391,ZS2_GX045391,kenti,3,0,0
zscopas,2,ZS,15,GX045391,ZS2_GX045391,goniastrea,1,0,0
zscopas,2,ZS,15,GX045391,ZS2_GX045391,not_tile,0,1,4
zscopas,2,ZS,15,GX045391,ZS2_GX045391,not_tile,0,2,2
zscopas,2,ZS,28,GX085392,ZS2_GX085392,millepora,1,1,8
zscopas,2,ZS,28,GX085392,ZS2_GX085392,millepora,1,2,4
zscopas,2,ZS,28,GX085392,ZS2_GX085392,millepora,1,3,6
zscopas,2,ZS,28,GX085392,ZS2_GX085392,millepora,2,0,0
zscopas,2,ZS,28,GX085392,ZS2_GX085392,millepora,3,0,0
zscopas,2,ZS,28,GX085392,ZS2_GX085392,millepora,4,0,0
zscopas,2,ZS,28,GX085392,ZS2_GX085392,kenti,1,0,0
zscopas,2,ZS,28,GX085392,ZS2_GX085392,kenti,2,1,1
zscopas,2,ZS,28,GX085392,ZS2_GX085392,kenti,2,2,2
zscopas,2,ZS,28,GX085392,ZS2_GX085392,kenti,2,3,4
zscopas,2,ZS,28,GX085392,ZS2_GX085392,kenti,3,0,0
zscopas,2,ZS,28,GX085392,ZS2_GX085392,goniastrea,1,0,0
zscopas,2,ZS,28,GX085392,ZS2_GX085392,not_tile,0,1,2
zscopas,2,ZS,28,GX085392,ZS2_GX085392,not_tile,0,2,3
zscopas,2,ZS,28,GX085392,ZS2_GX085392,not_tile,0,3,1
zscopas,2,ZS,28,GX085392,ZS2_GX085392,not_tile,0,4,11
zscopas,2,ZS,28,GX085392,ZS2_GX085392,not_tile,0,5,5
zscopas,2,ZS,28,GX085392,ZS2_GX085392,not_tile,0,6,3
zscopas,2,ZS,7,GX025392,ZS2_GX025392,millepora,1,1,12
zscopas,2,ZS,7,GX025392,ZS2_GX025392,millepora,1,2,3
zscopas,2,ZS,7,GX025392,ZS2_GX025392,millepora,1,3,6
zscopas,2,ZS,7,GX025392,ZS2_GX025392,millepora,2,1,18
zscopas,2,ZS,7,GX025392,ZS2_GX025392,millepora,2,2,25
zscopas,2,ZS,7,GX025392,ZS2_GX025392,millepora,3,1,1
zscopas,2,ZS,7,GX025392,ZS2_GX025392,millepora,4,0,0
zscopas,2,ZS,7,GX025392,ZS2_GX025392,kenti,1,0,0
zscopas,2,ZS,7,GX025392,ZS2_GX025392,kenti,2,1,9
zscopas,2,ZS,7,GX025392,ZS2_GX025392,kenti,2,2,11
zscopas,2,ZS,7,GX025392,ZS2_GX025392,kenti,2,3,6
zscopas,2,ZS,7,GX025392,ZS2_GX025392,kenti,3,1,15
zscopas,2,ZS,7,GX025392,ZS2_GX025392,kenti,3,2,3
zscopas,2,ZS,7,GX025392,ZS2_GX025392,kenti,3,3,21
zscopas,2,ZS,7,GX025392,ZS2_GX025392,kenti,3,4,13
zscopas,2,ZS,7,GX025392,ZS2_GX025392,goniastrea,1,1,17
zscopas,2,ZS,7,GX025392,ZS2_GX025392,goniastrea,1,2,11
zscopas,2,ZS,7,GX025392,ZS2_GX025392,not_tile,0,1,5
zscopas,2,ZS,7,GX025392,ZS2_GX025392,not_tile,0,2,1
zscopas,2,ZS,7,GX025392,ZS2_GX025392,not_tile,0,3,1
zscopas,2,ZS,7,GX025392,ZS2_GX025392,not_tile,0,4,1
zscopas,2,ZS,7,GX025392,ZS2_GX025392,not_tile,0,5,6
zscopas,2,ZS,25,GX075392,ZS2_GX075392,millepora,1,1,5
zscopas,2,ZS,25,GX075392,ZS2_GX075392,millepora,1,2,1
zscopas,2,ZS,25,GX075392,ZS2_GX075392,millepora,2,0,0
zscopas,2,ZS,25,GX075392,ZS2_GX075392,millepora,3,0,0
zscopas,2,ZS,25,GX075392,ZS2_GX075392,millepora,4,0,0
zscopas,2,ZS,25,GX075392,ZS2_GX075392,kenti,1,0,0
zscopas,2,ZS,25,GX075392,ZS2_GX075392,kenti,2,1,19
zscopas,2,ZS,25,GX075392,ZS2_GX075392,kenti,3,0,0
zscopas,2,ZS,25,GX075392,ZS2_GX075392,goniastrea,1,0,0
zscopas,2,ZS,25,GX075392,ZS2_GX075392,not_tile,0,1,2
zscopas,2,ZS,25,GX075392,ZS2_GX075392,not_tile,0,2,3
zscopas,2,ZS,25,GX075392,ZS2_GX075392,not_tile,0,3,2
zscopas,2,ZS,25,GX075392,ZS2_GX075392,not_tile,0,4,2
zscopas,2,ZS,25,GX075392,ZS2_GX075392,not_tile,0,5,5
zscopas,2,ZS,25,GX075392,ZS2_GX075392,not_tile,0,6,3
zscopas,2,ZS,25,GX075392,ZS2_GX075392,not_tile,0,7,20
zscopas,2,ZS,33,GX105392,ZS2_GX105392,millepora,1,1,7
zscopas,2,ZS,33,GX105392,ZS2_GX105392,millepora,2,0,0
zscopas,2,ZS,33,GX105392,ZS2_GX105392,millepora,3,0,0
zscopas,2,ZS,33,GX105392,ZS2_GX105392,millepora,4,0,0
zscopas,2,ZS,33,GX105392,ZS2_GX105392,kenti,1,1,1
zscopas,2,ZS,33,GX105392,ZS2_GX105392,kenti,2,1,11
zscopas,2,ZS,33,GX105392,ZS2_GX105392,kenti,2,2,1
zscopas,2,ZS,33,GX105392,ZS2_GX105392,kenti,3,0,0
zscopas,2,ZS,33,GX105392,ZS2_GX105392,goniastrea,1,0,0
zscopas,2,ZS,33,GX105392,ZS2_GX105392,not_tile,0,1,17
zscopas,2,ZS,33,GX105392,ZS2_GX105392,not_tile,0,2,1
zscopas,2,ZS,33,GX105392,ZS2_GX105392,not_tile,0,3,2
zscopas,2,ZS,33,GX105392,ZS2_GX105392,not_tile,0,4,1
zscopas,2,ZS,33,GX105392,ZS2_GX105392,not_tile,0,5,1
zscopas,2,ZS,3,GX015393,ZS2_GX015393,millepora,1,0,0
zscopas,2,ZS,3,GX015393,ZS2_GX015393,millepora,2,0,0
zscopas,2,ZS,3,GX015393,ZS2_GX015393,millepora,3,0,0
zscopas,2,ZS,3,GX015393,ZS2_GX015393,millepora,4,0,0
zscopas,2,ZS,3,GX015393,ZS2_GX015393,kenti,1,0,0
zscopas,2,ZS,3,GX015393,ZS2_GX015393,kenti,2,0,0
zscopas,2,ZS,3,GX015393,ZS2_GX015393,kenti,3,0,0
zscopas,2,ZS,3,GX015393,ZS2_GX015393,goniastrea,1,0,0
zscopas,2,ZS,3,GX015393,ZS2_GX015393,not_tile,0,1,1
zscopas,2,ZS,3,GX015393,ZS2_GX015393,not_tile,0,2,3
zscopas,2,ZS,3,GX015393,ZS2_GX015393,not_tile,0,3,2
zscopas,3,ZS,7,GX025707,ZS3_GX025707,millepora,1,1,2
zscopas,3,ZS,7,GX025707,ZS3_GX025707,millepora,2,0,0
zscopas,3,ZS,7,GX025707,ZS3_GX025707,millepora,3,1,4
zscopas,3,ZS,7,GX025707,ZS3_GX025707,millepora,3,2,1
zscopas,3,ZS,7,GX025707,ZS3_GX025707,millepora,4,0,0
zscopas,3,ZS,7,GX025707,ZS3_GX025707,kenti,1,0,0
zscopas,3,ZS,7,GX025707,ZS3_GX025707,kenti,2,0,0
zscopas,3,ZS,7,GX025707,ZS3_GX025707,kenti,3,0,0
zscopas,3,ZS,7,GX025707,ZS3_GX025707,goniastrea,1,0,0
zscopas,3,ZS,7,GX025707,ZS3_GX025707,not_tile,0,1,6
zscopas,3,ZS,7,GX025707,ZS3_GX025707,not_tile,0,2,5
zscopas,3,ZS,7,GX025707,ZS3_GX025707,not_tile,0,3,4
zscopas,3,ZS,7,GX025707,ZS3_GX025707,not_tile,0,4,6
zscopas,3,ZS,7,GX025707,ZS3_GX025707,not_tile,0,5,8
zscopas,3,ZS,7,GX025707,ZS3_GX025707,not_tile,0,6,3
zscopas,3,ZS,7,GX025707,ZS3_GX025707,not_tile,0,7,1
zscopas,3,ZS,7,GX025707,ZS3_GX025707,not_tile,0,8,2
zscopas,3,ZS,25,GX065708,ZS3_GX065708,millepora,1,0,0
zscopas,3,ZS,25,GX065708,ZS3_GX065708,millepora,2,0,0
zscopas,3,ZS,25,GX065708,ZS3_GX065708,millepora,3,0,0
zscopas,3,ZS,25,GX065708,ZS3_GX065708,millepora,4,0,0
zscopas,3,ZS,25,GX065708,ZS3_GX065708,kenti,1,0,0
zscopas,3,ZS,25,GX065708,ZS3_GX065708,kenti,2,0,0
zscopas,3,ZS,25,GX065708,ZS3_GX065708,kenti,3,0,0
zscopas,3,ZS,25,GX065708,ZS3_GX065708,goniastrea,1,0,0
zscopas,3,ZS,25,GX065708,ZS3_GX065708,not_tile,0,0,0
zscopas,3,ZS,27,GX075706,ZS3_GX075706,millepora,1,0,0
zscopas,3,ZS,27,GX075706,ZS3_GX075706,millepora,2,1,1
zscopas,3,ZS,27,GX075706,ZS3_GX075706,millepora,3,0,0
zscopas,3,ZS,27,GX075706,ZS3_GX075706,millepora,4,0,0
zscopas,3,ZS,27,GX075706,ZS3_GX075706,kenti,1,0,0
zscopas,3,ZS,27,GX075706,ZS3_GX075706,kenti,2,0,0
zscopas,3,ZS,27,GX075706,ZS3_GX075706,kenti,3,0,0
zscopas,3,ZS,27,GX075706,ZS3_GX075706,goniastrea,1,0,0
zscopas,3,ZS,27,GX075706,ZS3_GX075706,not_tile,0,1,7
zscopas,3,ZS,27,GX075706,ZS3_GX075706,not_tile,0,2,2
zscopas,3,ZS,27,GX075706,ZS3_GX075706,not_tile,0,3,8
zscopas,3,ZS,27,GX075706,ZS3_GX075706,not_tile,0,4,3
zscopas,3,ZS,27,GX075706,ZS3_GX075706,not_tile,0,5,3
zscopas,3,ZS,27,GX075706,ZS3_GX075706,not_tile,0,6,5
zscopas,3,ZS,31,GX085706,ZS3_GX085706,millepora,1,0,0
zscopas,3,ZS,31,GX085706,ZS3_GX085706,millepora,2,0,0
zscopas,3,ZS,31,GX085706,ZS3_GX085706,millepora,3,0,0
zscopas,3,ZS,31,GX085706,ZS3_GX085706,millepora,4,0,0
zscopas,3,ZS,31,GX085706,ZS3_GX085706,kenti,1,0,0
zscopas,3,ZS,31,GX085706,ZS3_GX085706,kenti,2,0,0
zscopas,3,ZS,31,GX085706,ZS3_GX085706,kenti,3,0,0
zscopas,3,ZS,31,GX085706,ZS3_GX085706,goniastrea,1,0,0
zscopas,3,ZS,31,GX085706,ZS3_GX085706,not_tile,0,1,2
zscopas,3,ZS,31,GX085706,ZS3_GX085706,not_tile,0,2,3
zscopas,3,ZS,31,GX085706,ZS3_GX085706,not_tile,0,3,1
zscopas,3,ZS,31,GX085706,ZS3_GX085706,not_tile,0,4,1
zscopas,3,ZS,31,GX085706,ZS3_GX085706,not_tile,0,5,1
zscopas,3,ZS,31,GX085706,ZS3_GX085706,not_tile,0,6,3
zscopas,3,ZS,31,GX085706,ZS3_GX085706,not_tile,0,7,2
zscopas,3,ZS,31,GX085706,ZS3_GX085706,not_tile,0,8,5
zscopas,3,ZS,31,GX085706,ZS3_GX085706,not_tile,0,9,1
zscopas,3,ZS,31,GX085706,ZS3_GX085706,not_tile,0,10,1
zscopas,3,ZS,32,GX085707,ZS3_GX085707,millepora,1,1,2
zscopas,3,ZS,32,GX085707,ZS3_GX085707,millepora,2,1,4
zscopas,3,ZS,32,GX085707,ZS3_GX085707,millepora,3,0,0
zscopas,3,ZS,32,GX085707,ZS3_GX085707,millepora,4,0,0
zscopas,3,ZS,32,GX085707,ZS3_GX085707,kenti,1,1,1
zscopas,3,ZS,32,GX085707,ZS3_GX085707,kenti,2,1,3
zscopas,3,ZS,32,GX085707,ZS3_GX085707,kenti,3,1,2
zscopas,3,ZS,32,GX085707,ZS3_GX085707,goniastrea,1,1,1
zscopas,3,ZS,32,GX085707,ZS3_GX085707,not_tile,0,1,5
zscopas,3,ZS,32,GX085707,ZS3_GX085707,not_tile,0,2,7
zscopas,3,ZS,32,GX085707,ZS3_GX085707,not_tile,0,3,3
zscopas,3,ZS,32,GX085707,ZS3_GX085707,not_tile,0,4,6
zscopas,3,ZS,32,GX085707,ZS3_GX085707,not_tile,0,5,6
zscopas,3,ZS,32,GX085707,ZS3_GX085707,not_tile,0,6,9
zscopas,3,ZS,32,GX085707,ZS3_GX085707,not_tile,0,7,2
zscopas,3,ZS,32,GX085707,ZS3_GX085707,not_tile,0,8,1
zscopas,3,ZS,12,GX035707,ZS3_GX035707,millepora,1,1,4
zscopas,3,ZS,12,GX035707,ZS3_GX035707,millepora,1,2,4
zscopas,3,ZS,12,GX035707,ZS3_GX035707,millepora,2,1,8
zscopas,3,ZS,12,GX035707,ZS3_GX035707,millepora,2,2,13
zscopas,3,ZS,12,GX035707,ZS3_GX035707,millepora,2,3,2
zscopas,3,ZS,12,GX035707,ZS3_GX035707,millepora,3,1,2
zscopas,3,ZS,12,GX035707,ZS3_GX035707,millepora,4,0,0
zscopas,3,ZS,12,GX035707,ZS3_GX035707,kenti,1,1,8
zscopas,3,ZS,12,GX035707,ZS3_GX035707,kenti,1,2,1
zscopas,3,ZS,12,GX035707,ZS3_GX035707,kenti,1,3,10
zscopas,3,ZS,12,GX035707,ZS3_GX035707,kenti,2,1,2
zscopas,3,ZS,12,GX035707,ZS3_GX035707,kenti,2,2,10
zscopas,3,ZS,12,GX035707,ZS3_GX035707,kenti,3,0,0
zscopas,3,ZS,12,GX035707,ZS3_GX035707,goniastrea,1,0,0
zscopas,3,ZS,12,GX035707,ZS3_GX035707,not_tile,0,1,1
zscopas,3,ZS,12,GX035707,ZS3_GX035707,not_tile,0,2,10
zscopas,3,ZS,12,GX035707,ZS3_GX035707,not_tile,0,3,1
zscopas,3,ZS,12,GX035707,ZS3_GX035707,not_tile,0,4,1
zscopas,3,ZS,12,GX035707,ZS3_GX035707,not_tile,0,5,12
zscopas,3,ZS,12,GX035707,ZS3_GX035707,not_tile,0,6,3
zscopas,4,ZS,6,GX013799,ZS4_GX013799,millepora,1,1,3
zscopas,4,ZS,6,GX013799,ZS4_GX013799,millepora,2,0,0
zscopas,4,ZS,6,GX013799,ZS4_GX013799,millepora,3,0,0
zscopas,4,ZS,6,GX013799,ZS4_GX013799,millepora,4,0,0
zscopas,4,ZS,6,GX013799,ZS4_GX013799,kenti,1,0,0
zscopas,4,ZS,6,GX013799,ZS4_GX013799,kenti,2,0,0
zscopas,4,ZS,6,GX013799,ZS4_GX013799,kenti,3,0,0
zscopas,4,ZS,6,GX013799,ZS4_GX013799,goniastrea,1,0,0
zscopas,4,ZS,6,GX013799,ZS4_GX013799,not_tile,0,0,0
zscopas,4,ZS,11,GX023800,ZS4_GX023800,millepora,1,0,0
zscopas,4,ZS,11,GX023800,ZS4_GX023800,millepora,2,0,0
zscopas,4,ZS,11,GX023800,ZS4_GX023800,millepora,3,0,0
zscopas,4,ZS,11,GX023800,ZS4_GX023800,millepora,4,0,0
zscopas,4,ZS,11,GX023800,ZS4_GX023800,kenti,1,0,0
zscopas,4,ZS,11,GX023800,ZS4_GX023800,kenti,2,0,0
zscopas,4,ZS,11,GX023800,ZS4_GX023800,kenti,3,0,0
zscopas,4,ZS,11,GX023800,ZS4_GX023800,goniastrea,1,0,0
zscopas,4,ZS,11,GX023800,ZS4_GX023800,not_tile,0,0,0
zscopas,4,ZS,17,GX040048,ZS4_GX040048,millepora,1,0,0
zscopas,4,ZS,17,GX040048,ZS4_GX040048,millepora,2,0,0
zscopas,4,ZS,17,GX040048,ZS4_GX040048,millepora,3,0,0
zscopas,4,ZS,17,GX040048,ZS4_GX040048,millepora,4,0,0
zscopas,4,ZS,17,GX040048,ZS4_GX040048,kenti,1,0,0
zscopas,4,ZS,17,GX040048,ZS4_GX040048,kenti,2,0,0
zscopas,4,ZS,17,GX040048,ZS4_GX040048,kenti,3,0,0
zscopas,4,ZS,17,GX040048,ZS4_GX040048,goniastrea,1,0,0
zscopas,4,ZS,17,GX040048,ZS4_GX040048,not_tile,0,0,0
zscopas,4,ZS,22,GX063799,ZS4_GX063799,millepora,1,0,0
zscopas,4,ZS,22,GX063799,ZS4_GX063799,millepora,2,0,0
zscopas,4,ZS,22,GX063799,ZS4_GX063799,millepora,3,0,0
zscopas,4,ZS,22,GX063799,ZS4_GX063799,millepora,4,0,0
zscopas,4,ZS,22,GX063799,ZS4_GX063799,kenti,1,0,0
zscopas,4,ZS,22,GX063799,ZS4_GX063799,kenti,2,0,0
zscopas,4,ZS,22,GX063799,ZS4_GX063799,kenti,3,0,0
zscopas,4,ZS,22,GX063799,ZS4_GX063799,goniastrea,1,0,0
zscopas,4,ZS,22,GX063799,ZS4_GX063799,not_tile,0,0,0
zscopas,4,ZS,9,GX020048,ZS4_GX020048,millepora,1,1,4
zscopas,4,ZS,9,GX020048,ZS4_GX020048,millepora,2,0,0
zscopas,4,ZS,9,GX020048,ZS4_GX020048,millepora,3,0,0
zscopas,4,ZS,9,GX020048,ZS4_GX020048,millepora,4,0,0
zscopas,4,ZS,9,GX020048,ZS4_GX020048,kenti,1,0,0
zscopas,4,ZS,9,GX020048,ZS4_GX020048,kenti,2,1,2
zscopas,4,ZS,9,GX020048,ZS4_GX020048,kenti,2,2,6
zscopas,4,ZS,9,GX020048,ZS4_GX020048,kenti,3,0,0
zscopas,4,ZS,9,GX020048,ZS4_GX020048,goniastrea,1,0,0
zscopas,4,ZS,9,GX020048,ZS4_GX020048,not_tile,0,1,1
zscopas,4,ZS,31,GX103800,ZS4_GX103800,millepora,1,0,0
zscopas,4,ZS,31,GX103800,ZS4_GX103800,millepora,2,0,0
zscopas,4,ZS,31,GX103800,ZS4_GX103800,millepora,3,1,4
zscopas,4,ZS,31,GX103800,ZS4_GX103800,millepora,3,2,4
zscopas,4,ZS,31,GX103800,ZS4_GX103800,millepora,3,3,2
zscopas,4,ZS,31,GX103800,ZS4_GX103800,millepora,4,0,0
zscopas,4,ZS,31,GX103800,ZS4_GX103800,kenti,1,0,0
zscopas,4,ZS,31,GX103800,ZS4_GX103800,kenti,2,0,0
zscopas,4,ZS,31,GX103800,ZS4_GX103800,kenti,3,0,0
zscopas,4,ZS,31,GX103800,ZS4_GX103800,goniastrea,1,0,0
zscopas,4,ZS,31,GX103800,ZS4_GX103800,not_tile,0,1,2
zscopas,4,ZS,31,GX103800,ZS4_GX103800,not_tile,0,2,2